job_title,experience_level,company_size,company_location,employment_type,remote_ratio,years_experience,salary_usd
AI Engineer,Mid,Medium,UK,Full-time,50,9.0,98156.0
Business Intelligence Analyst,Mid,Small,UK,Full-time,50,10.0,94402.0
Data Analyst,Senior,Small,USA,Full-time,0,7.0,125787.0
Business Intelligence Analyst,Senior,Medium,Canada,Full-time,0,12.0,154662.0
Business Intelligence Analyst,Mid,Large,Canada,Part-time,50,4.0,79811.0
Machine Learning Engineer,Entry,Medium,India,Full-time,0,3.0,30912.0
Data Analyst,Entry,Small,India,Contract,50,12.0,70394.0
Data Analyst,Entry,Large,Australia,Contract,0,8.0,64635.0
Data Analyst,Mid,Small,Australia,Full-time,0,8.0,83597.0
Business Intelligence Analyst,Mid,Large,India,Contract,100,0.0,50524.0
AI Engineer,Mid,Small,Australia,Full-time,50,1.0,45329.0
Data Analyst,Mid,Large,Germany,Contract,100,7.0,92156.0
Data Engineer,Entry,Large,India,Contract,100,4.0,
Business Intelligence Analyst,Mid,Small,Canada,Full-time,50,6.0,88171.0
Machine Learning Engineer,Entry,Large,Germany,Full-time,50,0.0,19815.0
AI Engineer,Mid,Medium,Australia,Part-time,0,11.0,
Data Engineer,Entry,Small,UK,Full-time,50,9.0,56848.0
Data Engineer,Senior,Medium,,Full-time,100,11.0,136561.0
Machine Learning Engineer,Entry,Small,India,Part-time,100,4.0,30773.0
AI Engineer,Executive,Large,UK,Full-time,50,10.0,177311.0
Business Intelligence Analyst,Mid,Large,Australia,Full-time,100,11.0,110203.0
Data Scientist,Senior,Large,Canada,Part-time,0,,108187.0
AI Engineer,Mid,Small,,Full-time,100,,94290.0
Machine Learning Engineer,Senior,Medium,UK,Full-time,0,11.0,
Data Engineer,Senior,Medium,USA,Part-time,100,11.0,152131.0
Business Intelligence Analyst,Mid,Small,India,Part-time,0,13.0,108973.0
AI Engineer,Mid,Small,Australia,Contract,0,1.0,46615.0
Data Scientist,Mid,Medium,,Full-time,50,1.0,59550.0
Data Scientist,Mid,Medium,Australia,Contract,0,8.0,90494.0
Data Analyst,Entry,Medium,USA,Contract,50,12.0,75506.0
Data Analyst,Mid,Medium,UK,Part-time,100,3.0,68054.0
Machine Learning Engineer,Mid,Small,India,Full-time,100,3.0,68861.0
AI Engineer,Mid,Small,India,Full-time,100,6.0,81587.0
AI Engineer,Senior,Large,Australia,Part-time,0,9.0,138515.0
Data Engineer,Mid,Medium,UK,Contract,100,9.0,90854.0
Data Engineer,Executive,Large,UK,Part-time,100,12.0,196600.0
Data Engineer,Entry,Small,USA,Full-time,50,,32743.0
Data Analyst,Mid,Small,Australia,Part-time,50,2.0,53774.0
AI Engineer,Mid,Large,Australia,Full-time,100,2.0,
AI Engineer,Mid,Medium,Germany,Contract,100,5.0,69429.0
Data Scientist,Senior,Medium,Australia,Full-time,0,2.0,94606.0
Data Analyst,Entry,Medium,India,Contract,0,10.0,64478.0
Business Intelligence Analyst,Senior,Medium,USA,Contract,100,4.0,116076.0
Data Analyst,Mid,Large,UK,Full-time,50,3.0,73280.0
Business Intelligence Analyst,Mid,Large,Australia,Full-time,100,,57366.0
Data Scientist,Mid,Small,USA,Contract,0,7.0,79427.0
Machine Learning Engineer,Mid,Medium,Australia,Part-time,50,13.0,118476.0
AI Engineer,Mid,Medium,UK,Full-time,50,9.0,90361.0
Data Scientist,Mid,Medium,Canada,Contract,0,2.0,50641.0
AI Engineer,Entry,Large,UK,Contract,100,5.0,45085.0
Data Engineer,Mid,Medium,UK,Part-time,100,12.0,119659.0
Machine Learning Engineer,Entry,Large,UK,Full-time,100,14.0,84050.0
Machine Learning Engineer,Mid,Medium,Australia,Contract,0,6.0,74553.0
Data Scientist,Mid,Medium,Germany,Part-time,50,6.0,88688.0
Machine Learning Engineer,Mid,Small,UK,Contract,0,1.0,
Business Intelligence Analyst,Mid,Medium,India,Full-time,100,13.0,107056.0
Machine Learning Engineer,Entry,Medium,India,Part-time,0,2.0,39192.0
AI Engineer,Mid,Small,USA,Contract,50,11.0,104416.0
AI Engineer,Mid,Large,Germany,Part-time,0,9.0,92226.0
AI Engineer,Mid,Large,USA,Full-time,100,9.0,85886.0
AI Engineer,Senior,Medium,India,Part-time,50,14.0,158584.0
Business Intelligence Analyst,Entry,Large,India,Full-time,0,3.0,43830.0
Data Analyst,Mid,Medium,Canada,Contract,0,6.0,81530.0
Data Engineer,Mid,Small,UK,Full-time,50,1.0,48591.0
Data Scientist,Mid,Small,India,Contract,50,2.0,68565.0
AI Engineer,Entry,Medium,Australia,Contract,100,6.0,56738.0
Machine Learning Engineer,Entry,Small,Australia,Full-time,50,6.0,42631.0
AI Engineer,Senior,Small,USA,Contract,100,14.0,167905.0
Machine Learning Engineer,Mid,Medium,USA,Part-time,0,9.0,104056.0
Data Engineer,Mid,Medium,UK,Contract,100,2.0,61370.0
Data Engineer,Mid,Small,UK,Full-time,0,11.0,113721.0
Data Engineer,Mid,Large,Canada,Part-time,50,0.0,
Machine Learning Engineer,Entry,Large,Germany,Part-time,0,11.0,67679.0
AI Engineer,Mid,Medium,USA,Contract,50,2.0,54422.0
Data Engineer,Mid,Medium,UK,Contract,0,4.0,67463.0
Business Intelligence Analyst,Senior,Large,,Full-time,0,6.0,119613.0
Machine Learning Engineer,Entry,Small,UK,Part-time,0,3.0,42510.0
Machine Learning Engineer,Mid,Large,India,Full-time,0,12.0,101780.0
AI Engineer,Mid,Large,USA,Contract,100,12.0,109424.0
Machine Learning Engineer,Mid,Large,India,Part-time,0,10.0,96571.0
Machine Learning Engineer,Mid,Large,USA,Full-time,100,10.0,90825.0
Data Engineer,Mid,Medium,Germany,Full-time,50,14.0,121155.0
AI Engineer,Senior,Medium,Canada,Full-time,50,0.0,82395.0
Data Engineer,Senior,Small,Australia,Full-time,100,5.0,
Data Engineer,Mid,Small,Australia,Full-time,50,1.0,60779.0
AI Engineer,Senior,Small,Australia,Part-time,50,11.0,140492.0
Data Scientist,Mid,Small,India,Full-time,0,2.0,57111.0
Data Engineer,Mid,Large,UK,Part-time,0,3.0,68087.0
Business Intelligence Analyst,Entry,Medium,Australia,Full-time,0,5.0,44984.0
Business Intelligence Analyst,Executive,Medium,Germany,Contract,100,5.0,151792.0
Machine Learning Engineer,Entry,Small,Australia,Contract,100,6.0,59935.0
Business Intelligence Analyst,Entry,Small,USA,Full-time,50,,37711.0
Machine Learning Engineer,Entry,Large,India,Contract,0,6.0,41565.0
Data Scientist,Mid,Large,USA,Part-time,100,1.0,
AI Engineer,Entry,Small,USA,Full-time,100,,16459.0
AI Engineer,Entry,Medium,USA,Part-time,0,11.0,69096.0
AI Engineer,Entry,Medium,Canada,Full-time,100,9.0,56019.0
Business Intelligence Analyst,Entry,Medium,,Contract,0,7.0,54476.0
Data Scientist,Mid,Small,UK,Part-time,50,0.0,48254.0
Business Intelligence Analyst,Mid,Medium,India,Contract,50,,106584.0
Business Intelligence Analyst,Mid,Large,Germany,Contract,50,,50965.0
Data Scientist,Mid,Large,,Full-time,0,10.0,101464.0
Data Scientist,Mid,Small,Germany,Part-time,100,11.0,113653.0
Data Scientist,Entry,Large,,Contract,50,9.0,67439.0
Data Scientist,Mid,Small,Canada,Full-time,50,5.0,69721.0
AI Engineer,Executive,Medium,India,Full-time,50,0.0,128408.0
Data Analyst,Mid,Medium,USA,Full-time,100,9.0,85195.0
Data Analyst,Entry,Medium,Canada,Contract,100,2.0,23273.0
Data Scientist,Mid,Large,Canada,Full-time,0,6.0,85330.0
Data Analyst,Mid,Small,Australia,Part-time,50,11.0,105886.0
Data Analyst,Mid,Medium,Australia,Part-time,100,7.0,78212.0
Data Scientist,Entry,Small,India,Contract,0,3.0,27755.0
Data Analyst,Entry,Medium,India,Part-time,50,11.0,82905.0
Business Intelligence Analyst,Entry,Large,India,Full-time,100,2.0,21080.0
Machine Learning Engineer,Senior,Large,USA,Contract,100,0.0,95501.0
Machine Learning Engineer,Senior,Small,UK,Full-time,0,11.0,152105.0
Data Scientist,Entry,Large,India,Contract,50,8.0,64047.0
AI Engineer,Entry,Large,Australia,Contract,50,9.0,72946.0
Data Scientist,Senior,Small,UK,Full-time,100,5.0,105639.0
AI Engineer,Entry,Medium,USA,Part-time,50,5.0,47502.0
Machine Learning Engineer,Entry,Large,UK,Part-time,0,8.0,55190.0
Data Scientist,Executive,Small,Germany,Contract,100,0.0,123736.0
Data Engineer,Entry,Large,UK,Full-time,100,5.0,51473.0
Business Intelligence Analyst,Mid,Large,,Full-time,0,11.0,96251.0
Data Analyst,Executive,Large,USA,Contract,100,4.0,149294.0
AI Engineer,Mid,Large,India,Part-time,50,12.0,116732.0
Data Engineer,Entry,Small,Australia,Full-time,50,10.0,64052.0
Data Analyst,Entry,Small,Germany,Part-time,100,14.0,99325.0
Data Analyst,Senior,Small,Australia,Part-time,0,5.0,105271.0
Data Scientist,Senior,Large,India,Contract,0,,163414.0
Data Analyst,Senior,Large,India,Contract,50,10.0,141698.0
Business Intelligence Analyst,Entry,Large,India,Part-time,0,7.0,60889.0
Data Engineer,Senior,Small,Canada,Full-time,100,4.0,109657.0
Data Analyst,Senior,Large,Germany,Full-time,100,1.0,94387.0
Data Scientist,Mid,Medium,India,Contract,50,11.0,111376.0
Business Intelligence Analyst,Senior,Large,India,Part-time,50,11.0,146279.0
Machine Learning Engineer,Senior,Medium,Australia,Full-time,50,1.0,97015.0
Data Engineer,Mid,Large,Australia,Full-time,0,9.0,92041.0
Data Analyst,Mid,Small,India,Contract,100,4.0,77510.0
Data Scientist,Mid,Large,USA,Part-time,100,2.0,58708.0
Machine Learning Engineer,Entry,Medium,Canada,Full-time,100,9.0,65857.0
Machine Learning Engineer,Mid,Medium,Australia,Contract,50,2.0,59493.0
AI Engineer,Mid,Large,USA,Full-time,100,7.0,83052.0
Business Intelligence Analyst,Senior,Medium,,Full-time,0,6.0,126995.0
Data Analyst,Executive,Medium,India,Full-time,0,,137133.0
Data Scientist,Senior,Small,Germany,Contract,100,11.0,148580.0
AI Engineer,Entry,Large,UK,Part-time,50,12.0,88240.0
Business Intelligence Analyst,Entry,Large,UK,Contract,100,,82910.0
AI Engineer,Entry,Large,India,Part-time,0,4.0,40216.0
Data Engineer,Mid,Medium,Australia,Full-time,0,8.0,86229.0
Business Intelligence Analyst,Senior,Large,USA,Part-time,0,3.0,108343.0
Business Intelligence Analyst,Senior,Large,Germany,Full-time,100,0.0,
Data Analyst,Mid,Small,Canada,Full-time,0,7.0,90438.0
Business Intelligence Analyst,Senior,Small,India,Contract,50,4.0,107865.0
AI Engineer,Senior,Small,Germany,Full-time,100,1.0,101557.0
Business Intelligence Analyst,Mid,Medium,Germany,Contract,100,14.0,122211.0
Data Analyst,Senior,Large,Australia,Part-time,0,11.0,
Data Analyst,Mid,Small,Canada,Part-time,0,0.0,43646.0
Data Engineer,Entry,Small,Germany,Full-time,50,13.0,93747.0
AI Engineer,Mid,Small,Australia,Contract,100,11.0,105048.0
Machine Learning Engineer,Mid,Large,USA,Full-time,0,11.0,106344.0
Machine Learning Engineer,Mid,Large,Australia,Contract,50,11.0,113280.0
Business Intelligence Analyst,Mid,Large,,Contract,0,2.0,59910.0
Data Engineer,Mid,Medium,USA,Contract,100,8.0,81778.0
Data Scientist,Mid,Medium,Germany,Part-time,0,0.0,52984.0
Business Intelligence Analyst,Mid,Small,Australia,Contract,100,3.0,74441.0
Data Engineer,Mid,Large,USA,Part-time,0,7.0,80190.0
AI Engineer,Mid,Small,Canada,Contract,100,7.0,90304.0
AI Engineer,Mid,Large,Germany,Part-time,50,9.0,91997.0
AI Engineer,Entry,Large,Australia,Part-time,100,11.0,77020.0
AI Engineer,Mid,Large,Australia,Part-time,50,10.0,94747.0
AI Engineer,Entry,Medium,UK,Full-time,100,12.0,79286.0
Data Engineer,Mid,Medium,Australia,Contract,50,10.0,90045.0
Data Engineer,Senior,Large,Germany,Full-time,0,7.0,122758.0
Data Analyst,Mid,Small,Canada,Contract,100,9.0,104585.0
Machine Learning Engineer,Mid,Large,,Contract,0,7.0,75455.0
AI Engineer,Executive,Large,UK,Full-time,50,3.0,144854.0
Data Scientist,Senior,Small,Germany,Part-time,100,7.0,134308.0
Data Engineer,Senior,Large,USA,Contract,100,8.0,137349.0
Data Scientist,Senior,Small,India,Part-time,0,6.0,111528.0
Data Scientist,Entry,Medium,India,Full-time,100,13.0,77976.0
Data Scientist,Entry,Medium,USA,Part-time,100,11.0,84455.0
Data Analyst,Mid,Small,Australia,Contract,0,1.0,
Data Engineer,Entry,Medium,India,Contract,100,8.0,56387.0
Data Scientist,Mid,Medium,India,Contract,0,10.0,92521.0
AI Engineer,Mid,Small,USA,Full-time,0,7.0,81525.0
Business Intelligence Analyst,Mid,Medium,Australia,Contract,0,12.0,101126.0
Data Scientist,Senior,Large,Australia,Full-time,0,4.0,113348.0
Data Analyst,Senior,Large,USA,Part-time,0,14.0,
Data Engineer,Mid,Small,Australia,Contract,50,11.0,111102.0
Data Analyst,Senior,Medium,Australia,Contract,50,2.0,93404.0
Data Scientist,Mid,Large,Germany,Contract,0,6.0,74492.0
Data Engineer,Senior,Large,Germany,Part-time,50,13.0,147343.0
Business Intelligence Analyst,Entry,Medium,USA,Contract,50,13.0,75106.0
Data Scientist,Executive,Medium,Canada,Full-time,100,14.0,205195.0
Data Analyst,Mid,Large,India,Part-time,0,1.0,58241.0
Machine Learning Engineer,Mid,Large,Germany,Part-time,50,12.0,119538.0
AI Engineer,Entry,Small,India,Part-time,100,2.0,32575.0
Data Analyst,Mid,Small,UK,Part-time,100,11.0,99801.0
Data Engineer,Entry,Large,,Part-time,0,8.0,55580.0
Data Scientist,Entry,Small,Canada,Full-time,0,3.0,41598.0
AI Engineer,Mid,Large,UK,Part-time,100,3.0,60400.0
Data Scientist,Mid,Large,UK,Contract,0,2.0,56875.0
Data Engineer,Mid,Small,Australia,Part-time,0,4.0,68656.0
Data Scientist,Senior,Small,UK,Part-time,100,2.0,96247.0
Machine Learning Engineer,Mid,Medium,USA,Part-time,100,8.0,86177.0
AI Engineer,Mid,Medium,Germany,Part-time,0,14.0,117269.0
AI Engineer,Entry,Medium,USA,Part-time,50,2.0,34974.0
Data Engineer,Senior,Large,Germany,Full-time,0,1.0,
Machine Learning Engineer,Mid,Small,UK,Full-time,50,11.0,113756.0
Data Analyst,Executive,Large,UK,Part-time,100,4.0,156167.0
Data Scientist,Senior,Small,Canada,Full-time,50,5.0,115380.0
Business Intelligence Analyst,Mid,Large,Germany,Contract,100,0.0,46617.0
Data Scientist,Entry,Medium,,Part-time,0,13.0,75303.0
Data Scientist,Senior,Medium,Australia,Contract,0,11.0,147683.0
Data Analyst,Senior,Medium,India,Contract,100,10.0,146717.0
Data Scientist,Entry,Large,Canada,Part-time,100,5.0,46025.0
Machine Learning Engineer,Entry,Small,USA,Contract,100,,73715.0
Machine Learning Engineer,Senior,Small,Canada,Contract,0,2.0,
AI Engineer,Entry,Medium,India,Contract,0,3.0,25079.0
Data Engineer,Senior,Medium,Germany,Part-time,50,5.0,108763.0
Business Intelligence Analyst,Mid,Medium,USA,Part-time,100,7.0,85169.0
Data Scientist,Entry,Medium,USA,Contract,50,14.0,97116.0
Data Scientist,Senior,Small,Germany,Part-time,0,8.0,123976.0
Data Analyst,Mid,Large,Canada,Part-time,50,5.0,82768.0
Data Engineer,Mid,Large,UK,Contract,50,6.0,72124.0
Machine Learning Engineer,Entry,Large,Canada,Part-time,0,14.0,86652.0
Business Intelligence Analyst,Entry,Large,India,Full-time,0,13.0,
AI Engineer,Mid,Medium,Australia,Part-time,100,4.0,67176.0
Machine Learning Engineer,Mid,Medium,UK,Full-time,50,13.0,123676.0
Data Engineer,Mid,Medium,Canada,Contract,0,11.0,107409.0
AI Engineer,Senior,Large,Australia,Part-time,0,14.0,162319.0
Data Analyst,Mid,Medium,Australia,Contract,50,8.0,80997.0
Data Analyst,Entry,Medium,Germany,Contract,0,3.0,36001.0
Data Scientist,Mid,Small,India,Contract,100,9.0,89664.0
Data Engineer,Senior,Small,India,Contract,100,,148741.0
Business Intelligence Analyst,Senior,Medium,India,Contract,50,5.0,123063.0
AI Engineer,Mid,Small,UK,Part-time,100,4.0,73117.0
Machine Learning Engineer,Entry,Small,USA,Full-time,0,0.0,21231.0
Data Engineer,Mid,Medium,UK,Part-time,0,4.0,67440.0
Data Engineer,Senior,Medium,Canada,Part-time,0,12.0,159911.0
Data Analyst,Senior,Medium,Australia,Part-time,0,4.0,111218.0
Data Scientist,Mid,Medium,Australia,Part-time,50,13.0,120608.0
Data Scientist,Senior,Large,USA,Full-time,100,8.0,139129.0
AI Engineer,Senior,Large,Canada,Part-time,100,0.0,84090.0
Data Analyst,Entry,Medium,USA,Contract,0,14.0,87471.0
Data Engineer,Mid,Small,Australia,Part-time,50,4.0,63743.0
Business Intelligence Analyst,Entry,Medium,UK,Part-time,0,14.0,90196.0
Data Analyst,Entry,Medium,India,Full-time,0,6.0,47008.0
AI Engineer,Senior,Small,Australia,Full-time,50,10.0,133324.0
AI Engineer,Mid,Large,Germany,Contract,50,5.0,73632.0
Data Analyst,Mid,Medium,India,Part-time,0,5.0,84641.0
AI Engineer,Entry,Medium,Australia,Part-time,100,11.0,65226.0
Data Analyst,Mid,Large,UK,Part-time,0,6.0,84863.0
Machine Learning Engineer,Entry,Large,USA,Contract,100,5.0,51027.0
Data Analyst,Entry,Small,,Full-time,100,4.0,48785.0
Data Analyst,Mid,Large,UK,Contract,50,9.0,89718.0
AI Engineer,Entry,Large,Canada,Part-time,50,4.0,47408.0
AI Engineer,Mid,Large,Germany,Full-time,0,8.0,85672.0
Data Scientist,Entry,Small,India,Full-time,100,13.0,90262.0
Data Scientist,Entry,Large,USA,Contract,100,7.0,62254.0
Machine Learning Engineer,Entry,Large,Canada,Full-time,0,13.0,78199.0
Data Scientist,Mid,Small,UK,Full-time,0,11.0,113129.0
Data Analyst,Mid,Large,Germany,Part-time,0,14.0,115270.0
AI Engineer,Mid,Large,USA,Part-time,50,9.0,97750.0
Data Scientist,Mid,Small,UK,Full-time,0,13.0,112897.0
Data Scientist,Senior,Medium,UK,Full-time,0,3.0,103664.0
Machine Learning Engineer,Entry,Small,India,Contract,100,3.0,39892.0
Data Engineer,Mid,Large,India,Contract,0,,93271.0
Machine Learning Engineer,Senior,Large,USA,Full-time,100,4.0,105158.0
Data Analyst,Mid,Large,Australia,Part-time,100,12.0,112844.0
AI Engineer,Mid,Small,Australia,Full-time,50,12.0,100589.0
Machine Learning Engineer,Senior,Large,UK,Full-time,0,2.0,99552.0
Data Scientist,Senior,Large,India,Part-time,0,14.0,166267.0
AI Engineer,Entry,Small,Germany,Part-time,100,7.0,63268.0
AI Engineer,Mid,Medium,Germany,Contract,50,6.0,86159.0
Data Scientist,Mid,Medium,UK,Contract,50,4.0,74263.0
Machine Learning Engineer,Mid,Large,India,Contract,0,9.0,90399.0
Data Scientist,Mid,Small,USA,Contract,100,2.0,58503.0
Data Engineer,Mid,Large,USA,Part-time,0,,
AI Engineer,Mid,Small,,Full-time,0,4.0,
Business Intelligence Analyst,Mid,Small,Germany,Contract,0,2.0,66417.0
Business Intelligence Analyst,Senior,Medium,India,Contract,0,9.0,126841.0
Data Analyst,Mid,Medium,India,Part-time,100,,64481.0
Data Scientist,Entry,Small,Germany,Part-time,50,0.0,11134.0
Data Scientist,Mid,Large,USA,Full-time,0,5.0,
Data Analyst,Entry,Medium,USA,Full-time,0,9.0,62771.0
Data Analyst,Mid,Large,UK,Part-time,0,,
Data Analyst,Mid,Medium,Australia,Contract,0,3.0,63915.0
AI Engineer,Entry,Medium,Canada,Contract,50,7.0,58898.0
Data Engineer,Mid,Large,Australia,Contract,50,1.0,46913.0
Data Scientist,Entry,Medium,India,Full-time,50,3.0,29297.0
AI Engineer,Entry,Medium,India,Contract,50,14.0,81942.0
Data Analyst,Mid,Large,India,Contract,0,1.0,62715.0
Data Scientist,Mid,Medium,Australia,Part-time,100,0.0,40337.0
AI Engineer,Executive,Medium,Canada,Contract,50,9.0,179256.0
Data Engineer,Mid,Medium,UK,Part-time,50,12.0,110057.0
AI Engineer,Mid,Large,Australia,Contract,0,12.0,108983.0
Data Engineer,Mid,Small,Canada,Full-time,0,2.0,69995.0
Data Analyst,Entry,Large,,Contract,0,11.0,81283.0
Data Engineer,Executive,Small,USA,Contract,0,7.0,158700.0
Data Scientist,Mid,Medium,India,Part-time,100,5.0,77145.0
Data Analyst,Senior,Small,Germany,Part-time,100,11.0,141118.0
Data Scientist,Entry,Large,India,Part-time,50,6.0,
Business Intelligence Analyst,Mid,Large,Germany,Contract,100,,47122.0
Machine Learning Engineer,Mid,Medium,Canada,Contract,50,5.0,76977.0
Data Engineer,Senior,Small,USA,Full-time,50,13.0,153250.0
Machine Learning Engineer,Entry,Medium,Australia,Contract,100,7.0,63446.0
Machine Learning Engineer,Mid,Medium,Germany,Full-time,50,7.0,92638.0
Data Engineer,Executive,Large,Canada,Part-time,0,3.0,138688.0
Data Analyst,Mid,Small,USA,Part-time,50,5.0,68748.0
Business Intelligence Analyst,Mid,Small,Australia,Part-time,0,13.0,111342.0
Data Scientist,Entry,Small,Germany,Full-time,100,4.0,46275.0
AI Engineer,Executive,Small,India,Contract,100,8.0,173665.0
Data Scientist,Entry,Medium,India,Part-time,50,7.0,49130.0
AI Engineer,Senior,Medium,India,Contract,0,1.0,88029.0
Data Scientist,Senior,Large,Canada,Contract,50,11.0,154230.0
Data Engineer,Entry,Medium,India,Part-time,100,12.0,83182.0
Business Intelligence Analyst,Mid,Medium,UK,Full-time,50,6.0,74035.0
AI Engineer,Entry,Large,USA,Contract,50,6.0,55127.0
Data Analyst,Entry,Large,Canada,Part-time,0,10.0,62899.0
Data Scientist,Senior,Large,Australia,Contract,100,13.0,154638.0
Data Scientist,Senior,Medium,India,Contract,50,13.0,158222.0
AI Engineer,Mid,Medium,USA,Contract,0,11.0,112296.0
Data Analyst,Mid,Large,Germany,Contract,50,0.0,44242.0
Data Analyst,Entry,Large,India,Contract,0,0.0,28095.0
Data Engineer,Entry,Large,USA,Full-time,0,11.0,66439.0
Data Engineer,Entry,Medium,UK,Full-time,50,3.0,30613.0
Data Engineer,Entry,Medium,Germany,Part-time,100,4.0,35375.0
Data Engineer,Mid,Small,UK,Full-time,100,,118877.0
Data Engineer,Mid,Medium,Australia,Full-time,0,3.0,57466.0
Data Engineer,Mid,Medium,USA,Full-time,100,6.0,77824.0
Business Intelligence Analyst,Entry,Medium,UK,Contract,0,2.0,32329.0
Data Analyst,Mid,Large,Australia,Contract,100,6.0,81630.0
Data Engineer,Senior,Medium,USA,Part-time,50,12.0,157349.0
Data Analyst,Entry,Large,USA,Part-time,100,7.0,59203.0
Data Analyst,Senior,Small,UK,Part-time,0,5.0,111928.0
Machine Learning Engineer,Senior,Small,USA,Contract,0,5.0,114111.0
Business Intelligence Analyst,Entry,Large,India,Full-time,100,7.0,53120.0
Data Engineer,Senior,Large,USA,Full-time,50,7.0,126064.0
Data Scientist,Mid,Large,Canada,Contract,0,6.0,87892.0
AI Engineer,Mid,Medium,Australia,Part-time,0,5.0,74404.0
Data Scientist,Mid,Small,USA,Part-time,0,5.0,65871.0
Business Intelligence Analyst,Mid,Large,,Part-time,0,9.0,97582.0
AI Engineer,Mid,Medium,USA,Contract,0,10.0,90863.0
Business Intelligence Analyst,Mid,Small,USA,Part-time,50,12.0,114883.0
Data Analyst,Mid,Medium,UK,Part-time,100,12.0,112145.0
AI Engineer,Mid,Small,India,Contract,50,5.0,68055.0
Data Analyst,Mid,Medium,Australia,Full-time,50,7.0,87186.0
Data Scientist,Senior,Small,India,Contract,0,0.0,82682.0
Data Scientist,Entry,Small,Germany,Contract,50,4.0,42882.0
AI Engineer,Entry,Medium,UK,Contract,0,2.0,25278.0
AI Engineer,Senior,Large,UK,Contract,50,,148805.0
Data Engineer,Mid,Small,India,Full-time,0,7.0,91997.0
Business Intelligence Analyst,Entry,Large,UK,Part-time,0,10.0,61872.0
Data Engineer,Entry,Medium,India,Contract,50,5.0,46346.0
Business Intelligence Analyst,Entry,Large,UK,Full-time,50,13.0,82723.0
Data Engineer,Executive,Large,USA,Part-time,100,1.0,138871.0
Data Analyst,Mid,Large,,Part-time,100,14.0,125946.0
AI Engineer,Senior,Large,India,Part-time,100,12.0,147189.0
Data Scientist,Mid,Large,,Contract,50,6.0,82752.0
Business Intelligence Analyst,Mid,Small,UK,Contract,50,,81565.0
Business Intelligence Analyst,Mid,Small,UK,Part-time,0,12.0,106942.0
Data Scientist,Mid,Small,India,Part-time,100,4.0,74730.0
Data Engineer,Entry,Medium,USA,Part-time,0,7.0,
Business Intelligence Analyst,Senior,Large,USA,Part-time,0,13.0,145244.0
Data Analyst,Senior,Small,Australia,Part-time,0,4.0,100020.0
AI Engineer,Mid,Medium,USA,Part-time,0,0.0,53917.0
Data Scientist,Executive,Small,UK,Full-time,100,8.0,173721.0
AI Engineer,Senior,Small,Canada,Part-time,0,,100767.0
Business Intelligence Analyst,Mid,Large,,Contract,50,12.0,110247.0
Business Intelligence Analyst,Entry,Medium,Germany,Contract,50,1.0,18515.0
Data Scientist,Mid,Large,Canada,Contract,50,3.0,56910.0
Data Analyst,Mid,Large,Germany,Part-time,100,13.0,115750.0
Machine Learning Engineer,Entry,Small,Canada,Contract,0,12.0,78076.0
Data Scientist,Entry,Large,USA,Full-time,100,8.0,68006.0
Machine Learning Engineer,Senior,Medium,UK,Part-time,0,1.0,
Data Engineer,Entry,Large,Germany,Contract,100,,29314.0
Machine Learning Engineer,Mid,Large,Canada,Full-time,100,1.0,47453.0
Data Analyst,Senior,Large,UK,Full-time,0,4.0,102015.0
Data Engineer,Senior,Small,Germany,Contract,100,2.0,100236.0
Machine Learning Engineer,Entry,Medium,India,Full-time,0,9.0,57800.0
Data Engineer,Senior,Small,Canada,Contract,50,1.0,94023.0
Machine Learning Engineer,Entry,Small,India,Full-time,50,13.0,86884.0
Data Analyst,Entry,Small,USA,Part-time,50,8.0,66352.0
Machine Learning Engineer,Mid,Small,India,Part-time,100,4.0,72882.0
Machine Learning Engineer,Mid,Small,India,Part-time,50,9.0,95346.0
Machine Learning Engineer,Mid,Medium,Australia,Part-time,0,4.0,74035.0
Data Scientist,Mid,Large,Canada,Part-time,50,0.0,56108.0
Data Scientist,Entry,Small,USA,Contract,50,5.0,37853.0
Data Scientist,Entry,Small,India,Part-time,100,12.0,88620.0
Data Analyst,Mid,Medium,,Part-time,0,6.0,74176.0
Data Engineer,Senior,Medium,Germany,Part-time,100,0.0,82155.0
Business Intelligence Analyst,Mid,Large,India,Part-time,100,8.0,86829.0
Machine Learning Engineer,Entry,Medium,USA,Full-time,0,7.0,46886.0
Machine Learning Engineer,Mid,Large,India,Part-time,100,11.0,101471.0
Data Analyst,Entry,Small,Germany,Part-time,0,13.0,87589.0
Machine Learning Engineer,Entry,Small,USA,Contract,50,13.0,83391.0
Data Scientist,Senior,Large,Canada,Full-time,0,,134324.0
Business Intelligence Analyst,Entry,Medium,USA,Contract,0,6.0,59874.0
AI Engineer,Entry,Large,Canada,Part-time,0,4.0,43350.0
Machine Learning Engineer,Mid,Medium,USA,Contract,100,2.0,57899.0
Data Scientist,Mid,Small,Germany,Contract,0,14.0,110306.0
AI Engineer,Mid,Medium,Germany,Part-time,0,11.0,98075.0
Business Intelligence Analyst,Entry,Large,USA,Full-time,0,13.0,93040.0
AI Engineer,Entry,Large,India,Full-time,50,8.0,57244.0
Data Scientist,Entry,Small,,Contract,0,13.0,81611.0
Data Engineer,Entry,Medium,Canada,Part-time,100,6.0,59076.0
Data Engineer,Mid,Medium,Canada,Contract,0,10.0,
AI Engineer,Senior,Medium,UK,Contract,0,9.0,143148.0
Data Analyst,Senior,Small,Australia,Contract,50,9.0,125275.0
AI Engineer,Senior,Medium,Australia,Part-time,0,,120271.0
Machine Learning Engineer,Mid,Large,Australia,Part-time,100,13.0,
Machine Learning Engineer,Mid,Medium,Canada,Full-time,0,5.0,76553.0
Data Engineer,Mid,Small,UK,Part-time,100,11.0,106573.0
Data Analyst,Mid,Medium,Australia,Contract,50,13.0,124844.0
Data Scientist,Mid,Medium,Australia,Contract,0,10.0,100072.0
Machine Learning Engineer,Entry,Large,USA,Full-time,50,13.0,91017.0
Data Engineer,Mid,Medium,USA,Part-time,0,4.0,78228.0
Business Intelligence Analyst,Executive,Large,USA,Contract,100,14.0,206455.0
Data Engineer,Entry,Large,India,Full-time,50,7.0,52386.0
Machine Learning Engineer,Entry,Small,Australia,Full-time,0,2.0,26862.0
Machine Learning Engineer,Mid,Large,India,Contract,100,11.0,102340.0
Data Engineer,Senior,Large,UK,Contract,50,12.0,149487.0
Data Scientist,Mid,Small,Canada,Part-time,0,12.0,115061.0
AI Engineer,Mid,Large,Australia,Full-time,50,6.0,77635.0
Machine Learning Engineer,Entry,Small,Canada,Contract,0,1.0,29604.0
Data Engineer,Mid,Medium,USA,Full-time,100,2.0,67427.0
Data Engineer,Mid,Small,Australia,Part-time,100,14.0,113042.0
Data Analyst,Senior,Large,Germany,Contract,50,12.0,157198.0
AI Engineer,Mid,Small,India,Part-time,50,11.0,105386.0
Business Intelligence Analyst,Entry,Large,India,Full-time,0,14.0,91692.0
Data Scientist,Entry,Medium,Australia,Part-time,100,1.0,30225.0
Business Intelligence Analyst,Entry,Small,USA,Part-time,0,4.0,46693.0
AI Engineer,Mid,Medium,India,Full-time,100,6.0,76661.0
AI Engineer,Entry,Large,,Part-time,50,10.0,70253.0
AI Engineer,Mid,Large,UK,Full-time,0,9.0,103261.0
Business Intelligence Analyst,Mid,Medium,Canada,Contract,0,10.0,108870.0
AI Engineer,Entry,Small,Germany,Full-time,100,10.0,
Data Engineer,Entry,Small,Canada,Full-time,100,10.0,
Business Intelligence Analyst,Entry,Large,Canada,Contract,100,14.0,94598.0
AI Engineer,Senior,Medium,UK,Full-time,50,9.0,131786.0
Data Engineer,Entry,Medium,India,Contract,0,14.0,84014.0
Data Analyst,Mid,Small,Germany,Contract,100,14.0,117392.0
AI Engineer,Senior,Small,India,Full-time,50,14.0,162545.0
Business Intelligence Analyst,Mid,Small,Australia,Part-time,100,12.0,105353.0
Machine Learning Engineer,Senior,Medium,Canada,Part-time,0,13.0,148407.0
AI Engineer,Mid,Small,Australia,Contract,100,0.0,57358.0
Machine Learning Engineer,Executive,Small,USA,Part-time,0,12.0,196053.0
Data Engineer,Entry,Large,Canada,Part-time,50,9.0,68189.0
Data Analyst,Entry,Small,India,Full-time,50,8.0,61213.0
Data Scientist,Mid,Small,Canada,Contract,100,0.0,47248.0
Data Analyst,Senior,Medium,USA,Contract,0,,84369.0
AI Engineer,Senior,Medium,UK,Full-time,0,13.0,153050.0
Machine Learning Engineer,Entry,Large,Australia,Part-time,0,14.0,
Machine Learning Engineer,Entry,Small,Australia,Contract,100,11.0,70415.0
Business Intelligence Analyst,Senior,Large,India,Part-time,0,9.0,140398.0
Machine Learning Engineer,Entry,Medium,Canada,Contract,0,7.0,53115.0
Business Intelligence Analyst,Senior,Large,India,Contract,0,5.0,105287.0
Data Engineer,Senior,Medium,UK,Contract,0,5.0,108195.0
Data Scientist,Mid,Large,,Contract,100,11.0,113376.0
AI Engineer,Mid,Large,,Part-time,100,8.0,87450.0
Business Intelligence Analyst,Mid,Small,India,Part-time,0,14.0,112925.0
Data Scientist,Entry,Large,India,Part-time,0,3.0,39515.0
Machine Learning Engineer,Senior,Small,USA,Part-time,50,7.0,132504.0
Machine Learning Engineer,Mid,Small,UK,Full-time,50,3.0,60310.0
Data Scientist,Senior,Small,USA,Contract,0,13.0,161830.0
Machine Learning Engineer,Entry,Small,Australia,Contract,0,1.0,26760.0
Data Engineer,Executive,Large,Canada,Contract,50,10.0,184896.0
Data Engineer,Mid,Medium,India,Full-time,50,14.0,129280.0
Data Scientist,Entry,Medium,Canada,Part-time,0,7.0,62105.0
Business Intelligence Analyst,Entry,Medium,Canada,Contract,100,11.0,83547.0
Business Intelligence Analyst,Senior,Large,Germany,Part-time,100,6.0,
Data Scientist,Mid,Small,Australia,Part-time,0,3.0,70457.0
Business Intelligence Analyst,Senior,Medium,Germany,Full-time,0,8.0,129543.0
Business Intelligence Analyst,Entry,Large,Canada,Full-time,50,14.0,83980.0
Data Engineer,Entry,Small,,Part-time,50,8.0,61576.0
Business Intelligence Analyst,Mid,Medium,Canada,Contract,100,7.0,93109.0
Data Analyst,Mid,Small,Australia,Contract,0,13.0,108413.0
AI Engineer,Mid,Medium,Germany,Full-time,50,0.0,40494.0
Machine Learning Engineer,Executive,Medium,India,Full-time,100,6.0,150947.0
Data Analyst,Executive,Medium,Canada,Full-time,100,4.0,140022.0
Business Intelligence Analyst,Senior,Small,UK,Full-time,100,,111128.0
Data Engineer,Senior,Large,Australia,Full-time,50,11.0,148986.0
Data Scientist,Mid,Small,Australia,Full-time,50,8.0,96161.0
Business Intelligence Analyst,Mid,Medium,UK,Full-time,0,1.0,61160.0
Data Engineer,Mid,Small,Canada,Contract,0,12.0,116941.0
AI Engineer,Senior,Large,Australia,Full-time,100,13.0,154808.0
Business Intelligence Analyst,Entry,Small,India,Full-time,100,10.0,66998.0
Data Scientist,Mid,Large,Canada,Contract,50,3.0,62182.0
Data Engineer,Entry,Large,Canada,Contract,50,3.0,43040.0
Data Engineer,Mid,Small,Germany,Part-time,0,1.0,53998.0
Data Engineer,Senior,Medium,Australia,Full-time,0,,93312.0
AI Engineer,Senior,Large,Australia,Full-time,0,10.0,
Business Intelligence Analyst,Entry,Small,UK,Full-time,50,13.0,90802.0
AI Engineer,Executive,Large,Germany,Full-time,100,13.0,196167.0
Machine Learning Engineer,Mid,Medium,Germany,Part-time,0,12.0,102324.0
Machine Learning Engineer,Entry,Small,,Contract,0,7.0,54639.0
Business Intelligence Analyst,Entry,Small,Canada,Contract,50,11.0,78338.0
AI Engineer,Entry,Small,Germany,Full-time,0,8.0,
Data Scientist,Entry,Medium,UK,Full-time,100,5.0,40984.0
Data Engineer,Executive,Large,Germany,Full-time,50,9.0,183895.0
Data Engineer,Mid,Small,UK,Part-time,0,1.0,60142.0
Business Intelligence Analyst,Senior,Large,Germany,Part-time,0,1.0,96063.0
Machine Learning Engineer,Mid,Large,,Contract,50,6.0,70362.0
Machine Learning Engineer,Entry,Medium,Germany,Full-time,50,7.0,48454.0
Data Engineer,Mid,Small,Germany,Full-time,0,7.0,94182.0
Business Intelligence Analyst,Entry,Large,India,Full-time,100,13.0,78255.0
AI Engineer,Mid,Small,UK,Full-time,50,5.0,82601.0
Machine Learning Engineer,Senior,Small,UK,Part-time,100,9.0,142869.0
AI Engineer,Mid,Medium,UK,Contract,0,7.0,80349.0
Machine Learning Engineer,Mid,Small,USA,Contract,100,13.0,112195.0
Machine Learning Engineer,Entry,Small,Germany,Part-time,0,14.0,
Data Analyst,Entry,Large,UK,Full-time,0,0.0,17750.0
Machine Learning Engineer,Entry,Medium,Australia,Contract,0,8.0,59399.0
Data Scientist,Mid,Small,USA,Contract,0,12.0,113686.0
Business Intelligence Analyst,Entry,Large,India,Part-time,100,11.0,73035.0
Business Intelligence Analyst,Mid,Medium,UK,Full-time,0,0.0,41507.0
AI Engineer,Mid,Medium,UK,Contract,0,12.0,117387.0
Machine Learning Engineer,Mid,Large,USA,Full-time,100,2.0,64776.0
Data Scientist,Entry,Large,Germany,Contract,50,11.0,82309.0
AI Engineer,Entry,Large,Australia,Part-time,100,8.0,56583.0
Data Analyst,Senior,Large,India,Full-time,100,14.0,
AI Engineer,Mid,Large,UK,Part-time,100,10.0,107369.0
AI Engineer,Mid,Small,Germany,Contract,0,4.0,75797.0
Machine Learning Engineer,Entry,Small,Australia,Part-time,0,,54231.0
Data Analyst,Executive,Medium,Australia,Part-time,0,8.0,165302.0
AI Engineer,Mid,Small,India,Part-time,50,5.0,70291.0
Data Scientist,Mid,Small,Canada,Contract,0,10.0,90908.0
Data Scientist,Senior,Small,Australia,Full-time,50,0.0,95123.0
Business Intelligence Analyst,Entry,Large,,Part-time,0,9.0,67877.0
Data Analyst,Mid,Medium,Australia,Full-time,100,6.0,84239.0
Data Analyst,Mid,Medium,India,Contract,0,13.0,107586.0
Business Intelligence Analyst,Entry,Medium,USA,Full-time,50,5.0,44335.0
AI Engineer,Executive,Medium,India,Part-time,50,8.0,175640.0
Data Analyst,Senior,Small,India,Part-time,0,6.0,127715.0
Data Scientist,Mid,Small,USA,Part-time,100,13.0,115534.0
Data Scientist,Entry,Large,USA,Part-time,0,11.0,66806.0
Machine Learning Engineer,Entry,Medium,,Part-time,0,10.0,70292.0
Data Analyst,Mid,Small,Australia,Part-time,0,11.0,112189.0
AI Engineer,Senior,Small,Germany,Contract,100,12.0,
Business Intelligence Analyst,Entry,Large,USA,Contract,50,3.0,41455.0
Business Intelligence Analyst,Mid,Large,Canada,Contract,100,6.0,70027.0
AI Engineer,Senior,Large,Canada,Full-time,50,1.0,93660.0
Data Engineer,Entry,Small,India,Full-time,50,5.0,42055.0
Machine Learning Engineer,Mid,Small,UK,Contract,50,14.0,
Business Intelligence Analyst,Entry,Large,India,Full-time,100,5.0,45440.0
Data Analyst,Executive,Medium,India,Full-time,0,,128832.0
Machine Learning Engineer,Mid,Large,UK,Part-time,0,13.0,
Data Analyst,Entry,Large,Australia,Part-time,0,3.0,38107.0
Data Scientist,Mid,Large,USA,Full-time,0,7.0,88777.0
Machine Learning Engineer,Mid,Large,Canada,Full-time,0,7.0,90954.0
Business Intelligence Analyst,Senior,Small,India,Contract,100,12.0,156943.0
Machine Learning Engineer,Senior,Medium,UK,Full-time,100,7.0,122957.0
Machine Learning Engineer,Mid,Large,Germany,Part-time,100,7.0,87666.0
Machine Learning Engineer,Entry,Medium,India,Full-time,100,0.0,20110.0
Data Engineer,Entry,Medium,Canada,Contract,100,1.0,22344.0
Machine Learning Engineer,Entry,Medium,USA,Part-time,100,11.0,81462.0
Data Analyst,Mid,Large,India,Part-time,100,14.0,123696.0
Data Scientist,Senior,Small,India,Part-time,0,3.0,96031.0
AI Engineer,Mid,Large,Australia,Part-time,50,11.0,113456.0
Machine Learning Engineer,Entry,Medium,UK,Full-time,100,8.0,65090.0
Business Intelligence Analyst,Mid,Medium,Germany,Contract,50,2.0,65816.0
Machine Learning Engineer,Senior,Small,Germany,Full-time,100,13.0,162868.0
Business Intelligence Analyst,Senior,Large,USA,Full-time,100,5.0,115437.0
Data Analyst,Senior,Medium,Canada,Part-time,0,6.0,125453.0
Business Intelligence Analyst,Entry,Small,USA,Contract,50,7.0,59258.0
AI Engineer,Entry,Medium,India,Part-time,0,12.0,71550.0
Data Scientist,Senior,Small,India,Full-time,0,6.0,122977.0
Business Intelligence Analyst,Mid,Small,Germany,Full-time,50,2.0,54682.0
Business Intelligence Analyst,Mid,Large,Canada,Part-time,0,5.0,79439.0
Data Scientist,Senior,Medium,UK,Full-time,100,4.0,118213.0
AI Engineer,Senior,Large,Canada,Full-time,100,14.0,153751.0
Machine Learning Engineer,Mid,Medium,India,Part-time,100,12.0,112914.0
Business Intelligence Analyst,Mid,Large,UK,Full-time,100,11.0,105223.0
Data Scientist,Mid,Medium,Canada,Contract,100,9.0,100398.0
Data Analyst,Mid,Large,Canada,Part-time,0,3.0,61601.0
Data Scientist,Mid,Small,UK,Contract,0,0.0,43856.0
Data Analyst,Senior,Medium,India,Full-time,100,13.0,157661.0
AI Engineer,Senior,Medium,Canada,Full-time,100,12.0,155591.0
Machine Learning Engineer,Senior,Small,UK,Part-time,0,6.0,116182.0
Data Scientist,Entry,Large,Australia,Full-time,50,7.0,52970.0
Data Engineer,Senior,Medium,Australia,Part-time,0,1.0,100154.0
Business Intelligence Analyst,Senior,Medium,India,Part-time,0,6.0,112094.0
AI Engineer,Mid,Large,UK,Part-time,0,5.0,77095.0
Data Scientist,Senior,Small,Australia,Part-time,0,4.0,119416.0
Business Intelligence Analyst,Senior,Large,UK,Part-time,0,12.0,153672.0
Data Scientist,Mid,Large,Canada,Contract,50,3.0,72932.0
Data Analyst,Mid,Large,India,Part-time,100,1.0,59228.0
Data Scientist,Entry,Medium,Australia,Contract,100,9.0,63559.0
Data Engineer,Mid,Small,Canada,Full-time,50,5.0,65064.0
Data Scientist,Mid,Small,USA,Part-time,100,4.0,63299.0
Data Scientist,Senior,Large,USA,Full-time,100,1.0,89849.0
Data Engineer,Entry,Medium,India,Part-time,100,9.0,60639.0
AI Engineer,Entry,Large,Australia,Contract,50,6.0,58419.0
Data Scientist,Mid,Medium,Australia,Contract,50,5.0,
Data Engineer,Entry,Medium,Australia,Contract,100,11.0,83612.0
Business Intelligence Analyst,Entry,Medium,UK,Full-time,100,14.0,96980.0
Data Analyst,Entry,Medium,Canada,Part-time,100,14.0,99990.0
Data Analyst,Entry,Small,Australia,Full-time,0,10.0,70866.0
Data Scientist,Entry,Medium,Canada,Contract,0,8.0,53889.0
AI Engineer,Mid,Medium,India,Full-time,0,10.0,109890.0
AI Engineer,Mid,Large,,Contract,50,9.0,100458.0
Business Intelligence Analyst,Senior,Large,India,Contract,100,4.0,117779.0
Data Scientist,Mid,Small,Australia,Contract,50,,80452.0
Data Analyst,Senior,Large,USA,Part-time,50,8.0,130995.0
AI Engineer,Entry,Medium,Germany,Part-time,50,12.0,72631.0
Data Scientist,Entry,Large,India,Contract,100,0.0,12186.0
AI Engineer,Senior,Small,Australia,Full-time,0,4.0,
Data Engineer,Entry,Large,Germany,Full-time,100,8.0,54348.0
AI Engineer,Mid,Large,India,Part-time,100,6.0,71459.0
Data Analyst,Mid,Small,,Contract,50,5.0,66942.0
Machine Learning Engineer,Mid,Small,Australia,Full-time,50,5.0,79896.0
Business Intelligence Analyst,Entry,Medium,UK,Contract,50,10.0,74407.0
Business Intelligence Analyst,Mid,Large,USA,Full-time,0,6.0,85622.0
Data Analyst,Mid,Medium,Australia,Part-time,0,0.0,54557.0
AI Engineer,Entry,Large,USA,Contract,0,3.0,41445.0
Data Scientist,Mid,Large,Germany,Contract,100,12.0,117878.0
AI Engineer,Senior,Medium,India,Full-time,50,14.0,167564.0
Data Analyst,Executive,Large,Canada,Full-time,100,0.0,133093.0
Business Intelligence Analyst,Entry,Large,USA,Full-time,0,5.0,37788.0
AI Engineer,Senior,Large,Canada,Contract,50,13.0,155400.0
Business Intelligence Analyst,Mid,Small,Canada,Part-time,0,12.0,116489.0
Data Scientist,Mid,Medium,India,Part-time,50,3.0,58925.0
Business Intelligence Analyst,Entry,Small,Germany,Full-time,50,0.0,28292.0
Business Intelligence Analyst,Senior,Medium,India,Part-time,100,8.0,138433.0
Machine Learning Engineer,Entry,Medium,Australia,Full-time,100,,79568.0
Machine Learning Engineer,Mid,Large,USA,Part-time,0,3.0,67656.0
Data Engineer,Entry,Medium,Canada,Contract,100,,74466.0
Machine Learning Engineer,Senior,Small,India,Full-time,100,5.0,108904.0
Business Intelligence Analyst,Senior,Small,India,Part-time,100,12.0,155467.0
Data Analyst,Senior,Small,India,Contract,50,6.0,120419.0
Business Intelligence Analyst,Entry,Medium,USA,Part-time,100,7.0,61676.0
Data Analyst,Entry,Small,Germany,Contract,0,11.0,75414.0
Data Analyst,Mid,Medium,India,Contract,50,12.0,112165.0
Machine Learning Engineer,Mid,Small,USA,Part-time,50,10.0,100683.0
AI Engineer,Entry,Small,Canada,Part-time,100,8.0,65442.0
Data Scientist,Mid,Medium,Australia,Contract,50,8.0,84860.0
Machine Learning Engineer,Executive,Small,UK,Contract,0,7.0,158729.0
Machine Learning Engineer,Senior,Large,USA,Contract,0,9.0,139400.0
AI Engineer,Senior,Medium,UK,Full-time,50,,138619.0
Data Scientist,Executive,Medium,India,Contract,100,14.0,
Business Intelligence Analyst,Entry,Medium,India,Full-time,100,11.0,71110.0
Data Engineer,Mid,Large,USA,Contract,50,11.0,
Data Engineer,Executive,Medium,UK,Full-time,0,,190106.0
Business Intelligence Analyst,Entry,Small,India,Contract,50,13.0,79754.0
Machine Learning Engineer,Senior,Small,Canada,Contract,100,2.0,101525.0
Data Scientist,Mid,Small,Germany,Contract,100,11.0,101408.0
Machine Learning Engineer,Mid,Medium,Germany,Part-time,50,1.0,52635.0
Data Analyst,Mid,Small,India,Part-time,0,,61225.0
Machine Learning Engineer,Senior,Medium,UK,Contract,50,0.0,92196.0
Machine Learning Engineer,Senior,Small,Australia,Full-time,0,2.0,94250.0
Business Intelligence Analyst,Entry,Large,India,Full-time,0,0.0,25372.0
Business Intelligence Analyst,Senior,Large,Australia,Contract,50,12.0,157279.0
Business Intelligence Analyst,Entry,Large,Australia,Part-time,50,2.0,32097.0
Data Engineer,Mid,Large,UK,Full-time,0,12.0,118004.0
Data Analyst,Mid,Medium,Australia,Part-time,0,3.0,67055.0
Business Intelligence Analyst,Mid,Small,Canada,Full-time,0,6.0,75419.0
Data Scientist,Mid,Large,,Contract,0,11.0,112769.0
Data Engineer,Senior,Medium,India,Part-time,100,14.0,165713.0
AI Engineer,Senior,Large,Canada,Full-time,50,,146784.0
Data Scientist,Mid,Large,USA,Contract,0,4.0,62433.0
Data Scientist,Entry,Medium,Germany,Contract,50,4.0,40998.0
Business Intelligence Analyst,Senior,Medium,India,Contract,0,12.0,151575.0
AI Engineer,Senior,Small,India,Part-time,50,0.0,81301.0
AI Engineer,Senior,Small,India,Part-time,50,7.0,121858.0
Data Engineer,Entry,Large,Canada,Contract,0,12.0,78950.0
AI Engineer,Entry,Large,USA,Part-time,0,3.0,33938.0
Data Analyst,Entry,Small,UK,Full-time,50,9.0,60644.0
Business Intelligence Analyst,Entry,Small,USA,Contract,50,4.0,41078.0
AI Engineer,Mid,Medium,Canada,Contract,50,1.0,54260.0
Data Engineer,Senior,Small,India,Part-time,100,14.0,164690.0
Data Analyst,Mid,Small,Germany,Contract,0,11.0,98307.0
Machine Learning Engineer,Entry,Large,India,Full-time,100,12.0,86488.0
Machine Learning Engineer,Entry,Small,UK,Part-time,100,0.0,10395.0
Data Analyst,Entry,Large,Australia,Part-time,0,8.0,69901.0
Data Engineer,Entry,Small,Germany,Contract,0,14.0,90845.0
Data Analyst,Entry,Medium,India,Contract,100,1.0,18291.0
Business Intelligence Analyst,Entry,Small,Germany,Contract,0,5.0,53394.0
Business Intelligence Analyst,Senior,Small,Australia,Part-time,50,0.0,93138.0
Machine Learning Engineer,Executive,Small,USA,Contract,50,0.0,124537.0
AI Engineer,Mid,Large,,Full-time,100,8.0,89860.0
Data Engineer,Mid,Medium,India,Contract,100,3.0,72435.0
Machine Learning Engineer,Senior,Small,UK,Contract,0,8.0,139225.0
AI Engineer,Entry,Large,USA,Part-time,0,10.0,66618.0
AI Engineer,Entry,Medium,India,Contract,100,4.0,34723.0
Business Intelligence Analyst,Senior,Large,USA,Part-time,100,6.0,129968.0
Data Scientist,Entry,Large,UK,Contract,50,0.0,24837.0
Data Scientist,Mid,Medium,India,Full-time,50,5.0,73539.0
Data Analyst,Mid,Small,Australia,Full-time,0,7.0,76263.0
Business Intelligence Analyst,Mid,Large,Australia,Part-time,50,13.0,118305.0
AI Engineer,Mid,Large,UK,Part-time,0,0.0,50934.0
Data Engineer,Senior,Small,Germany,Contract,0,,130265.0
Data Scientist,Entry,Small,UK,Contract,0,2.0,36339.0
AI Engineer,Entry,Medium,Germany,Full-time,50,0.0,11351.0
Data Scientist,Senior,Medium,India,Contract,100,0.0,87190.0
Data Scientist,Mid,Medium,Germany,Full-time,100,12.0,119030.0
Data Scientist,Entry,Small,India,Part-time,50,13.0,91650.0
Data Engineer,Senior,Large,India,Contract,100,10.0,140885.0
Business Intelligence Analyst,Mid,Large,Canada,Part-time,0,5.0,72434.0
Data Engineer,Senior,Medium,India,Contract,100,10.0,131022.0
Machine Learning Engineer,Senior,Small,Germany,Full-time,50,5.0,107037.0
AI Engineer,Mid,Large,Canada,Part-time,100,0.0,48756.0
Business Intelligence Analyst,Mid,Medium,Canada,Part-time,0,,118558.0
Business Intelligence Analyst,Executive,Large,India,Contract,0,13.0,202443.0
Business Intelligence Analyst,Entry,Large,UK,Part-time,50,2.0,21424.0
Business Intelligence Analyst,Senior,Small,,Full-time,50,6.0,114123.0
Data Engineer,Entry,Small,,Part-time,50,9.0,71603.0
Business Intelligence Analyst,Mid,Large,Canada,Part-time,0,2.0,50405.0
Data Analyst,Mid,Medium,India,Contract,100,2.0,59829.0
AI Engineer,Senior,Small,UK,Part-time,100,2.0,108702.0
Business Intelligence Analyst,Executive,Large,India,Contract,50,11.0,184951.0
AI Engineer,Entry,Small,India,Contract,100,6.0,48983.0
Data Analyst,Entry,Small,Canada,Part-time,100,3.0,42693.0
Data Analyst,Senior,Small,,Full-time,50,,107025.0
AI Engineer,Mid,Large,Canada,Contract,50,2.0,54929.0
Data Scientist,Entry,Medium,USA,Part-time,0,9.0,64522.0
Machine Learning Engineer,Mid,Medium,UK,Contract,0,10.0,102638.0
Data Scientist,Mid,Medium,UK,Full-time,0,8.0,88702.0
Data Scientist,Executive,Small,UK,Full-time,0,1.0,135764.0
Data Engineer,Entry,Large,Germany,Contract,100,3.0,37121.0
Data Scientist,Mid,Small,India,Full-time,100,7.0,89219.0
Business Intelligence Analyst,Mid,Medium,,Part-time,0,5.0,66617.0
Data Engineer,Senior,Medium,UK,Part-time,0,13.0,155248.0
Data Engineer,Mid,Large,USA,Contract,50,6.0,87904.0
Data Analyst,Mid,Small,UK,Full-time,100,12.0,101583.0
Data Scientist,Entry,Medium,Australia,Part-time,100,6.0,46704.0
Data Analyst,Senior,Large,India,Part-time,0,1.0,92988.0
AI Engineer,Mid,Small,India,Part-time,100,3.0,72959.0
Machine Learning Engineer,Entry,Small,Canada,Contract,50,9.0,64953.0
Data Engineer,Mid,Medium,Germany,Contract,50,9.0,87613.0
AI Engineer,Entry,Medium,Canada,Part-time,100,5.0,38892.0
AI Engineer,Entry,Small,UK,Part-time,0,2.0,32336.0
Business Intelligence Analyst,Senior,Small,Australia,Full-time,100,8.0,126733.0
Machine Learning Engineer,Mid,Medium,USA,Full-time,50,12.0,104431.0
AI Engineer,Senior,Small,Canada,Full-time,0,3.0,112765.0
AI Engineer,Entry,Medium,Germany,Contract,100,9.0,58515.0
Machine Learning Engineer,Senior,Small,Canada,Part-time,0,12.0,144454.0
Machine Learning Engineer,Entry,Medium,India,Contract,0,1.0,22769.0
AI Engineer,Mid,Large,UK,Part-time,50,5.0,73384.0
Machine Learning Engineer,Executive,Medium,UK,Full-time,0,0.0,133727.0
AI Engineer,Senior,Medium,UK,Full-time,100,,108534.0
AI Engineer,Mid,Large,UK,Full-time,0,12.0,100755.0
Business Intelligence Analyst,Mid,Small,UK,Full-time,0,11.0,113909.0
Data Scientist,Senior,Large,UK,Part-time,100,9.0,142211.0
AI Engineer,Mid,Medium,USA,Full-time,50,0.0,58717.0
Data Analyst,Senior,Small,Germany,Part-time,50,13.0,153302.0
Data Engineer,Senior,Large,UK,Part-time,100,7.0,127907.0
Data Scientist,Entry,Small,Germany,Contract,100,4.0,38984.0
Data Scientist,Entry,Small,Australia,Full-time,50,5.0,49385.0
Data Scientist,Mid,Large,UK,Full-time,0,1.0,52181.0
Business Intelligence Analyst,Entry,Small,Canada,Contract,100,1.0,28445.0
AI Engineer,Entry,Large,UK,Part-time,0,11.0,77875.0
Business Intelligence Analyst,Senior,Medium,India,Full-time,100,8.0,123414.0
AI Engineer,Mid,Small,USA,Part-time,50,2.0,65005.0
Business Intelligence Analyst,Senior,Medium,Canada,Contract,0,5.0,114501.0
Business Intelligence Analyst,Mid,Medium,Canada,Part-time,0,9.0,99245.0
Data Engineer,Mid,Small,India,Full-time,100,4.0,66457.0
Data Analyst,Entry,Large,UK,Part-time,0,13.0,81749.0
Business Intelligence Analyst,Mid,Small,USA,Part-time,100,11.0,95296.0
Data Engineer,Entry,Medium,Canada,Full-time,50,3.0,34821.0
Machine Learning Engineer,Mid,Medium,USA,Full-time,0,9.0,101952.0
Data Analyst,Senior,Large,Canada,Part-time,100,1.0,90283.0
Business Intelligence Analyst,Mid,Small,UK,Part-time,0,7.0,88119.0
Data Scientist,Mid,Medium,Australia,Contract,100,9.0,92664.0
Machine Learning Engineer,Mid,Medium,Canada,Full-time,100,6.0,77511.0
Machine Learning Engineer,Entry,Medium,Australia,Part-time,100,10.0,65465.0
Data Engineer,Mid,Large,Canada,Full-time,50,1.0,57557.0
Machine Learning Engineer,Entry,Medium,Germany,Contract,0,5.0,39382.0
Data Analyst,Entry,Medium,UK,Part-time,50,13.0,
Business Intelligence Analyst,Entry,Small,India,Part-time,100,7.0,62263.0
Business Intelligence Analyst,Mid,Small,,Part-time,100,6.0,79408.0
Data Scientist,Senior,Medium,India,Full-time,50,14.0,163690.0
Data Engineer,Entry,Medium,UK,Contract,50,0.0,15069.0
Data Scientist,Mid,Small,India,Full-time,0,4.0,79623.0
Machine Learning Engineer,Mid,Large,UK,Part-time,100,1.0,56672.0
Data Scientist,Entry,Large,India,Contract,50,5.0,51891.0
Data Analyst,Senior,Large,Australia,Part-time,100,6.0,
Business Intelligence Analyst,Mid,Large,Germany,Part-time,100,13.0,122509.0
Machine Learning Engineer,Mid,Large,India,Full-time,0,13.0,122269.0
Data Scientist,Mid,Large,Australia,Part-time,0,6.0,89225.0
Data Engineer,Entry,Large,Canada,Contract,0,2.0,27975.0
Data Analyst,Mid,Large,UK,Part-time,50,6.0,82069.0
Data Analyst,Mid,Small,USA,Part-time,100,14.0,116565.0
Data Scientist,Senior,Large,USA,Full-time,50,,104870.0
Business Intelligence Analyst,Entry,Large,UK,Contract,50,7.0,63909.0
Data Scientist,Mid,Large,Germany,Full-time,0,14.0,119117.0
Machine Learning Engineer,Mid,Medium,India,Part-time,100,11.0,96938.0
Data Scientist,Entry,Small,Germany,Full-time,100,7.0,56554.0
Data Analyst,Mid,Small,USA,Full-time,0,6.0,73232.0
Data Scientist,Senior,Small,Australia,Full-time,100,5.0,108465.0
Business Intelligence Analyst,Senior,Large,UK,Full-time,0,1.0,85440.0
Data Engineer,Mid,Large,UK,Part-time,50,5.0,81845.0
AI Engineer,Senior,Medium,Germany,Part-time,50,12.0,145413.0
Data Scientist,Executive,Small,Australia,Contract,0,11.0,186663.0
Business Intelligence Analyst,Senior,Large,Germany,Full-time,50,14.0,155755.0
Business Intelligence Analyst,Entry,Small,India,Full-time,50,10.0,65012.0
Data Engineer,Senior,Medium,Canada,Contract,0,8.0,139547.0
Data Analyst,Mid,Medium,Australia,Full-time,50,14.0,126126.0
Business Intelligence Analyst,Executive,Medium,Canada,Contract,100,1.0,
Business Intelligence Analyst,Mid,Small,India,Part-time,50,0.0,40005.0
Business Intelligence Analyst,Entry,Large,Canada,Contract,0,10.0,64776.0
Business Intelligence Analyst,Senior,Large,USA,Full-time,100,12.0,147038.0
Machine Learning Engineer,Mid,Medium,Canada,Contract,100,4.0,
Machine Learning Engineer,Executive,Large,India,Part-time,50,10.0,173970.0
Data Analyst,Executive,Medium,Canada,Full-time,100,5.0,156050.0
Data Scientist,Mid,Small,UK,Part-time,0,2.0,52606.0
Business Intelligence Analyst,Entry,Medium,Germany,Part-time,100,7.0,61482.0
Data Engineer,Mid,Small,USA,Contract,50,6.0,70525.0
Data Scientist,Entry,Medium,UK,Part-time,50,1.0,21337.0
Data Engineer,Entry,Large,UK,Full-time,100,11.0,66180.0
Data Scientist,Senior,Large,,Part-time,0,6.0,123057.0
Data Analyst,Entry,Medium,Germany,Part-time,0,14.0,85922.0
Business Intelligence Analyst,Mid,Large,Germany,Contract,50,14.0,113071.0
Business Intelligence Analyst,Executive,Large,Australia,Part-time,50,0.0,122792.0
AI Engineer,Mid,Large,USA,Contract,0,8.0,93844.0
Data Engineer,Entry,Small,India,Contract,100,12.0,
Data Scientist,Senior,Large,USA,Full-time,100,6.0,128799.0
Data Scientist,Entry,Small,Australia,Full-time,100,5.0,37685.0
Machine Learning Engineer,Senior,Medium,,Full-time,100,12.0,156212.0
AI Engineer,Executive,Large,UK,Full-time,0,1.0,134428.0
Machine Learning Engineer,Senior,Large,USA,Contract,50,2.0,98159.0
Machine Learning Engineer,Mid,Large,UK,Part-time,50,0.0,44100.0
Machine Learning Engineer,Mid,Medium,India,Full-time,100,14.0,116374.0
Data Engineer,Entry,Small,,Full-time,0,9.0,61004.0
Data Engineer,Senior,Small,India,Full-time,0,12.0,145521.0
Data Analyst,Senior,Large,Canada,Part-time,100,4.0,111412.0
Data Analyst,Mid,Medium,Canada,Full-time,100,8.0,91755.0
Machine Learning Engineer,Entry,Medium,UK,Part-time,100,12.0,89681.0
AI Engineer,Entry,Medium,India,Contract,50,5.0,54017.0
Data Scientist,Entry,Medium,India,Contract,100,4.0,33890.0
Data Engineer,Senior,Medium,,Contract,50,11.0,152175.0
AI Engineer,Mid,Small,India,Part-time,0,2.0,59191.0
Business Intelligence Analyst,Senior,Small,USA,Full-time,0,4.0,100151.0
Data Engineer,Senior,Small,Germany,Full-time,50,,134447.0
Data Engineer,Entry,Large,Germany,Full-time,50,11.0,78861.0
Data Analyst,Mid,Medium,Germany,Full-time,50,1.0,63475.0
Data Scientist,Mid,Large,,Full-time,50,4.0,75032.0
Data Scientist,Mid,Medium,India,Part-time,100,5.0,69599.0
Business Intelligence Analyst,Senior,Small,Australia,Contract,0,,137274.0
Business Intelligence Analyst,Senior,Large,India,Full-time,100,,127218.0
Data Engineer,Senior,Small,USA,Contract,50,7.0,117977.0
Machine Learning Engineer,Entry,Medium,Australia,Part-time,100,14.0,97226.0
Data Analyst,Entry,Medium,Australia,Part-time,100,,33793.0
Data Analyst,Senior,Medium,Australia,Full-time,0,8.0,121659.0
Data Engineer,Entry,Small,Canada,Part-time,100,3.0,30162.0
AI Engineer,Mid,Medium,USA,Contract,0,11.0,105705.0
Machine Learning Engineer,Entry,Small,Germany,Full-time,50,8.0,66040.0
Data Engineer,Mid,Large,USA,Full-time,100,10.0,94270.0
Machine Learning Engineer,Entry,Medium,Canada,Contract,50,6.0,53286.0
Machine Learning Engineer,Mid,Medium,India,Full-time,0,,68603.0
Machine Learning Engineer,Executive,Medium,USA,Full-time,50,3.0,148772.0
Data Engineer,Entry,Large,Australia,Contract,50,1.0,32600.0
Data Analyst,Entry,Medium,Germany,Full-time,0,7.0,47291.0
Data Analyst,Mid,Small,Germany,Full-time,50,5.0,78123.0
Machine Learning Engineer,Senior,Small,India,Contract,50,11.0,138811.0
AI Engineer,Entry,Medium,USA,Part-time,50,14.0,93347.0
Data Scientist,Mid,Medium,Canada,Contract,100,2.0,63851.0
Data Engineer,Entry,Large,India,Full-time,50,6.0,55513.0
Data Scientist,Senior,Large,USA,Contract,0,9.0,130142.0
AI Engineer,Mid,Large,UK,Full-time,100,6.0,82194.0
Data Engineer,Senior,Medium,Germany,Full-time,100,5.0,112526.0
Machine Learning Engineer,Senior,Large,Canada,Contract,0,1.0,104362.0
Data Analyst,Entry,Large,Australia,Full-time,50,7.0,58513.0
Data Scientist,Senior,Small,Canada,Part-time,100,0.0,92084.0
Business Intelligence Analyst,Entry,Large,Australia,Full-time,100,12.0,83349.0
Business Intelligence Analyst,Senior,Small,Canada,Contract,100,0.0,95068.0
AI Engineer,Mid,Small,Germany,Part-time,50,5.0,69595.0
Machine Learning Engineer,Senior,Large,Australia,Part-time,100,4.0,115402.0
Data Scientist,Entry,Small,USA,Full-time,0,8.0,59955.0
Machine Learning Engineer,Entry,Medium,Australia,Contract,50,,88554.0
Data Scientist,Mid,Medium,India,Full-time,0,11.0,108996.0
AI Engineer,Mid,Large,USA,Full-time,0,6.0,89405.0
AI Engineer,Entry,Medium,India,Contract,100,1.0,16185.0
Business Intelligence Analyst,Mid,Small,Canada,Contract,100,12.0,103285.0
Machine Learning Engineer,Entry,Medium,USA,Full-time,100,11.0,68447.0
Data Engineer,Mid,Large,Canada,Part-time,0,6.0,80662.0
Business Intelligence Analyst,Senior,Large,UK,Full-time,50,14.0,154899.0
Machine Learning Engineer,Mid,Small,Canada,Part-time,100,2.0,66060.0
Business Intelligence Analyst,Entry,Large,Canada,Full-time,100,0.0,11935.0
Data Engineer,Mid,Medium,India,Contract,0,,99445.0
Data Analyst,Entry,Large,Australia,Part-time,50,7.0,54274.0
Data Analyst,Executive,Small,UK,Contract,0,13.0,195335.0
Data Analyst,Entry,Large,Canada,Contract,100,11.0,82669.0
Data Analyst,Senior,Medium,Canada,Contract,0,2.0,98545.0
Data Scientist,Executive,Small,UK,Contract,100,10.0,177479.0
Data Analyst,Senior,Medium,UK,Contract,50,7.0,120255.0
Data Engineer,Mid,Small,USA,Full-time,0,6.0,88269.0
AI Engineer,Senior,Large,India,Part-time,100,11.0,140062.0
AI Engineer,Executive,Small,UK,Full-time,100,14.0,197066.0
Data Scientist,Mid,Small,UK,Full-time,100,1.0,55712.0
Data Analyst,Mid,Large,,Full-time,100,12.0,115991.0
Data Analyst,Mid,Medium,Australia,Contract,0,,108022.0
Data Analyst,Mid,Large,UK,Full-time,100,,106547.0
Business Intelligence Analyst,Mid,Small,India,Part-time,0,0.0,52210.0
Machine Learning Engineer,Mid,Large,Australia,Full-time,100,6.0,74204.0
Business Intelligence Analyst,Entry,Small,Australia,Contract,0,12.0,77590.0
Machine Learning Engineer,Entry,Large,Canada,Part-time,0,0.0,11368.0
Data Analyst,Entry,Large,Canada,Part-time,100,5.0,46529.0
Data Analyst,Entry,Medium,Canada,Part-time,100,12.0,88141.0
Business Intelligence Analyst,Entry,Small,Canada,Part-time,100,10.0,75945.0
Business Intelligence Analyst,Mid,Medium,Germany,Full-time,100,9.0,94709.0
Machine Learning Engineer,Entry,Small,UK,Contract,50,10.0,73644.0
AI Engineer,Senior,Large,Canada,Part-time,100,9.0,129917.0
Machine Learning Engineer,Entry,Small,USA,Part-time,100,7.0,64868.0
Business Intelligence Analyst,Entry,Medium,Canada,Contract,100,6.0,51877.0
Data Engineer,Senior,Medium,UK,Full-time,0,3.0,108224.0
Business Intelligence Analyst,Mid,Medium,Canada,Part-time,100,0.0,43052.0
Data Engineer,Entry,Small,Germany,Full-time,0,0.0,18382.0
Data Scientist,Senior,Medium,India,Full-time,0,3.0,112316.0
Business Intelligence Analyst,Senior,Medium,India,Full-time,0,4.0,107240.0
Data Scientist,Mid,Medium,UK,Full-time,0,11.0,98238.0
AI Engineer,Mid,Large,India,Part-time,50,6.0,80407.0
Machine Learning Engineer,Executive,Large,India,Part-time,100,13.0,185565.0
Data Engineer,Mid,Small,USA,Full-time,0,3.0,60558.0
Machine Learning Engineer,Mid,Small,UK,Full-time,100,9.0,101375.0
Data Scientist,Senior,Medium,UK,Contract,0,13.0,162127.0
Data Engineer,Entry,Large,India,Contract,50,11.0,76103.0
Machine Learning Engineer,Mid,Medium,India,Contract,0,0.0,55174.0
Business Intelligence Analyst,Entry,Medium,India,Part-time,100,10.0,
Data Analyst,Senior,Large,Australia,Contract,100,9.0,133753.0
Data Scientist,Mid,Large,Germany,Part-time,50,6.0,75629.0
Machine Learning Engineer,Mid,Large,Canada,Part-time,100,1.0,51318.0
Data Scientist,Entry,Small,Germany,Part-time,100,12.0,70301.0
Data Scientist,Entry,Small,UK,Part-time,0,10.0,67506.0
Data Engineer,Mid,Medium,USA,Contract,100,1.0,53701.0
Data Engineer,Senior,Small,Canada,Full-time,0,7.0,121962.0
Data Analyst,Mid,Large,USA,Full-time,50,11.0,100429.0
Business Intelligence Analyst,Entry,Large,Australia,Full-time,100,9.0,70866.0
Data Scientist,Senior,Small,UK,Contract,0,9.0,132248.0
Machine Learning Engineer,Entry,Medium,Australia,Full-time,100,9.0,74829.0
AI Engineer,Executive,Medium,UK,Contract,0,4.0,142203.0
Data Scientist,Entry,Small,USA,Contract,50,9.0,74218.0
Data Scientist,Mid,Medium,USA,Contract,0,1.0,47479.0
Data Analyst,Entry,Medium,USA,Full-time,100,4.0,40386.0
Business Intelligence Analyst,Senior,Medium,UK,Full-time,0,7.0,115434.0
AI Engineer,Mid,Large,India,Full-time,100,5.0,75230.0
Data Engineer,Entry,Large,USA,Part-time,50,2.0,21706.0
Data Engineer,Mid,Small,Australia,Contract,0,7.0,80725.0
Machine Learning Engineer,Entry,Large,Canada,Part-time,100,14.0,
AI Engineer,Entry,Medium,UK,Contract,100,13.0,78959.0
Data Engineer,Senior,Large,Australia,Full-time,100,8.0,134521.0
Machine Learning Engineer,Mid,Small,Germany,Contract,0,4.0,71143.0
Business Intelligence Analyst,Senior,Large,Germany,Contract,0,12.0,146825.0
Machine Learning Engineer,Mid,Medium,Canada,Part-time,0,1.0,51347.0
Data Engineer,Mid,Medium,India,Contract,50,1.0,57841.0
Data Analyst,Entry,Small,USA,Full-time,100,6.0,42713.0
Data Analyst,Entry,Large,UK,Contract,100,0.0,21561.0
Data Analyst,Senior,Large,Australia,Contract,50,9.0,137787.0
Data Engineer,Executive,Large,USA,Contract,50,11.0,181512.0
Data Analyst,Entry,Medium,Australia,Part-time,0,1.0,25596.0
AI Engineer,Entry,Small,UK,Contract,0,9.0,74930.0
Business Intelligence Analyst,Mid,Large,Germany,Contract,0,3.0,70182.0
Machine Learning Engineer,Executive,Medium,USA,Part-time,0,0.0,138687.0
Machine Learning Engineer,Entry,Medium,Canada,Part-time,0,3.0,28221.0
Data Engineer,Mid,Medium,India,Part-time,0,,101082.0
Data Analyst,Senior,Large,Canada,Part-time,50,11.0,143637.0
Data Analyst,Entry,Large,India,Full-time,50,10.0,73123.0
Data Scientist,Entry,Large,Australia,Full-time,50,12.0,83042.0
Business Intelligence Analyst,Mid,Large,USA,Contract,100,9.0,99133.0
AI Engineer,Senior,Large,USA,Full-time,100,14.0,167976.0
Machine Learning Engineer,Entry,Large,India,Contract,0,4.0,35608.0
Data Scientist,Mid,Large,Germany,Full-time,50,8.0,85526.0
Data Scientist,Mid,Large,,Part-time,100,0.0,46472.0
Data Engineer,Mid,Large,Canada,Part-time,100,11.0,97775.0
Machine Learning Engineer,Mid,Medium,Australia,Full-time,50,4.0,75828.0
Data Engineer,Mid,Large,Canada,Full-time,100,1.0,57008.0
AI Engineer,Mid,Small,Canada,Contract,100,8.0,97974.0
Data Scientist,Mid,Medium,Australia,Contract,50,5.0,80055.0
Data Scientist,Mid,Large,Australia,Contract,100,1.0,63615.0
Business Intelligence Analyst,Mid,Small,USA,Part-time,50,13.0,110118.0
AI Engineer,Senior,Large,,Part-time,100,2.0,97960.0
Data Scientist,Entry,Small,UK,Part-time,50,13.0,92945.0
AI Engineer,Senior,Small,UK,Part-time,100,7.0,127464.0
Machine Learning Engineer,Senior,Small,India,Contract,100,0.0,87596.0
Data Analyst,Entry,Small,Australia,Part-time,50,11.0,72240.0
Data Scientist,Mid,Medium,USA,Part-time,100,2.0,54942.0
Business Intelligence Analyst,Mid,Medium,UK,Part-time,50,12.0,119622.0
Machine Learning Engineer,Entry,Small,,Part-time,50,9.0,68536.0
AI Engineer,Mid,Large,USA,Full-time,100,0.0,41600.0
Data Engineer,Entry,Small,USA,Contract,0,10.0,65700.0
Machine Learning Engineer,Entry,Medium,UK,Contract,100,10.0,66071.0
Data Scientist,Senior,Large,Germany,Part-time,0,7.0,125248.0
AI Engineer,Entry,Medium,India,Full-time,0,0.0,22523.0
Data Analyst,Senior,Medium,UK,Contract,100,12.0,157093.0
Machine Learning Engineer,Mid,Large,Germany,Contract,0,4.0,79355.0
Data Scientist,Senior,Small,USA,Part-time,50,3.0,112177.0
Business Intelligence Analyst,Mid,Small,Germany,Part-time,50,6.0,
Data Engineer,Entry,Small,USA,Contract,0,13.0,86047.0
AI Engineer,Mid,Small,UK,Contract,50,4.0,65765.0
Machine Learning Engineer,Entry,Large,Australia,Full-time,100,7.0,45026.0
Machine Learning Engineer,Mid,Large,UK,Contract,50,11.0,
Data Analyst,Senior,Large,Canada,Contract,0,13.0,164485.0
Data Analyst,Entry,Medium,Canada,Part-time,100,10.0,66609.0
Business Intelligence Analyst,Mid,Large,,Contract,50,0.0,49314.0
Data Engineer,Senior,Small,UK,Part-time,100,4.0,116258.0
Business Intelligence Analyst,Senior,Medium,India,Contract,0,3.0,100309.0
Data Scientist,Mid,Small,UK,Contract,50,2.0,50011.0
Data Scientist,Entry,Small,Australia,Contract,100,4.0,45389.0
Business Intelligence Analyst,Mid,Large,Germany,Full-time,100,9.0,98671.0
Data Engineer,Entry,Large,UK,Part-time,50,14.0,85774.0
Business Intelligence Analyst,Senior,Small,UK,Full-time,100,,106563.0
Data Engineer,Executive,Small,USA,Contract,100,7.0,155796.0
Data Engineer,Senior,Medium,USA,Full-time,0,12.0,147279.0
AI Engineer,Senior,Large,USA,Part-time,0,2.0,97188.0
Data Engineer,Entry,Medium,UK,Contract,0,0.0,12024.0
Data Analyst,Senior,Medium,India,Full-time,0,8.0,127666.0
Data Engineer,Senior,Medium,Germany,Full-time,0,14.0,153217.0
Data Engineer,Entry,Small,Germany,Part-time,0,,
Data Engineer,Senior,Medium,Australia,Full-time,50,5.0,110285.0
Data Scientist,Entry,Medium,India,Part-time,0,9.0,62370.0
Data Analyst,Mid,Small,India,Contract,100,0.0,
Data Analyst,Senior,Large,Germany,Contract,50,7.0,121856.0
Business Intelligence Analyst,Mid,Large,Canada,Full-time,100,1.0,
AI Engineer,Entry,Medium,USA,Contract,0,8.0,54866.0
Data Engineer,Mid,Small,USA,Contract,0,13.0,118566.0
Machine Learning Engineer,Mid,Large,Germany,Full-time,100,7.0,80054.0
AI Engineer,Senior,Medium,India,Contract,100,2.0,99108.0
AI Engineer,Mid,Medium,Australia,Full-time,100,12.0,118454.0
Data Analyst,Mid,Small,Canada,Part-time,50,4.0,61781.0
AI Engineer,Senior,Medium,Germany,Part-time,0,8.0,137900.0
Data Engineer,Mid,Large,USA,Part-time,100,12.0,111062.0
Data Engineer,Mid,Small,UK,Full-time,0,0.0,51774.0
Data Scientist,Mid,Large,India,Full-time,100,8.0,95958.0
Data Engineer,Senior,Large,UK,Contract,0,14.0,169674.0
Data Engineer,Mid,Large,Australia,Contract,50,3.0,64638.0
Data Analyst,Mid,Medium,Germany,Contract,0,3.0,56379.0
Data Engineer,Entry,Medium,USA,Contract,100,14.0,89675.0
Data Scientist,Entry,Large,Canada,Contract,0,3.0,35266.0
Machine Learning Engineer,Entry,Large,UK,Full-time,50,9.0,72184.0
Data Analyst,Entry,Small,Canada,Full-time,50,11.0,80195.0
Machine Learning Engineer,Mid,Small,Australia,Part-time,0,8.0,90929.0
Data Analyst,Senior,Medium,USA,Part-time,100,13.0,150267.0
Business Intelligence Analyst,Mid,Medium,UK,Part-time,50,5.0,84879.0
AI Engineer,Senior,Small,Australia,Part-time,50,10.0,133257.0
Business Intelligence Analyst,Executive,Large,Canada,Full-time,0,7.0,167069.0
Data Engineer,Senior,Medium,Canada,Full-time,50,11.0,135981.0
Machine Learning Engineer,Mid,Large,UK,Full-time,50,13.0,115668.0
Data Engineer,Mid,Small,USA,Contract,100,3.0,73472.0
AI Engineer,Mid,Medium,Canada,Contract,100,2.0,69336.0
Data Analyst,Entry,Medium,Germany,Part-time,100,13.0,86656.0
AI Engineer,Mid,Small,Australia,Contract,0,0.0,58510.0
Data Scientist,Senior,Medium,UK,Full-time,50,9.0,133063.0
AI Engineer,Senior,Small,India,Part-time,0,14.0,168975.0
Data Scientist,Entry,Medium,India,Part-time,50,14.0,89665.0
AI Engineer,Mid,Small,USA,Contract,50,6.0,89706.0
Data Scientist,Senior,Medium,Germany,Part-time,50,3.0,101437.0
Machine Learning Engineer,Entry,Large,,Contract,100,13.0,85375.0
Data Engineer,Mid,Large,India,Contract,0,7.0,77861.0
Data Engineer,Senior,Large,USA,Part-time,0,13.0,157842.0
Business Intelligence Analyst,Mid,Medium,Australia,Contract,50,2.0,68039.0
Data Engineer,Entry,Medium,Germany,Contract,0,0.0,28139.0
Data Analyst,Mid,Large,Germany,Contract,100,4.0,66227.0
AI Engineer,Senior,Large,USA,Contract,0,13.0,156424.0
Business Intelligence Analyst,Mid,Small,USA,Part-time,50,1.0,54643.0
Data Analyst,Entry,Small,Canada,Full-time,100,2.0,30310.0
Data Analyst,Mid,Small,USA,Full-time,100,13.0,123951.0
Data Scientist,Mid,Large,Canada,Contract,50,5.0,80233.0
Data Engineer,Mid,Large,Canada,Contract,0,2.0,63200.0
Machine Learning Engineer,Senior,Large,UK,Contract,50,2.0,
Machine Learning Engineer,Entry,Small,,Full-time,0,11.0,75532.0
Business Intelligence Analyst,Senior,Medium,Australia,Contract,0,5.0,114680.0
Machine Learning Engineer,Entry,Large,Germany,Part-time,100,4.0,
AI Engineer,Mid,Medium,Germany,Part-time,50,9.0,92150.0
Machine Learning Engineer,Entry,Medium,UK,Part-time,100,,51766.0
Business Intelligence Analyst,Mid,Medium,Canada,Full-time,50,0.0,43549.0
Machine Learning Engineer,Mid,Small,Canada,Contract,50,12.0,118693.0
AI Engineer,Mid,Medium,USA,Contract,100,2.0,59634.0
Data Scientist,Entry,Large,UK,Contract,50,2.0,21976.0
Business Intelligence Analyst,Mid,Small,USA,Full-time,50,10.0,105560.0
Data Scientist,Entry,Large,UK,Full-time,0,5.0,47165.0
Data Scientist,Senior,Large,USA,Full-time,50,7.0,117490.0
Data Scientist,Senior,Small,India,Full-time,50,2.0,101995.0
Data Analyst,Mid,Large,Germany,Part-time,100,2.0,62019.0
Data Engineer,Mid,Large,Germany,Full-time,100,5.0,72425.0
Data Analyst,Mid,Small,Australia,Full-time,50,7.0,87857.0
Data Engineer,Entry,Large,Canada,Full-time,0,5.0,43689.0
Data Scientist,Mid,Medium,Australia,Contract,0,,103976.0
Business Intelligence Analyst,Senior,Large,India,Contract,100,11.0,149205.0
Data Engineer,Mid,Medium,Australia,Contract,50,13.0,105704.0
AI Engineer,Entry,Large,Germany,Part-time,50,9.0,60452.0
AI Engineer,Senior,Small,Canada,Part-time,0,2.0,
Machine Learning Engineer,Mid,Small,India,Full-time,0,3.0,61094.0
Data Engineer,Senior,Large,Germany,Contract,0,0.0,83681.0
Business Intelligence Analyst,Mid,Small,USA,Part-time,100,12.0,118300.0
Data Analyst,Mid,Large,UK,Contract,50,7.0,84566.0
Data Scientist,Entry,Small,India,Part-time,100,3.0,32501.0
Machine Learning Engineer,Entry,Medium,Canada,Part-time,50,5.0,36845.0
AI Engineer,Executive,Large,Australia,Full-time,100,10.0,176413.0
Data Analyst,Entry,Medium,Australia,Full-time,50,2.0,27990.0
Data Analyst,Executive,Medium,India,Part-time,0,10.0,179628.0
Data Scientist,Mid,Large,Canada,Full-time,0,11.0,108230.0
Data Engineer,Entry,Medium,India,Part-time,0,10.0,79474.0
AI Engineer,Entry,Large,Canada,Part-time,100,5.0,52754.0
Business Intelligence Analyst,Entry,Medium,Australia,Contract,0,11.0,83312.0
Data Analyst,Senior,Large,Germany,Full-time,50,10.0,131636.0
Data Scientist,Mid,Large,USA,Full-time,100,8.0,98227.0
Business Intelligence Analyst,Mid,Small,Germany,Full-time,50,8.0,94707.0
Data Engineer,Mid,Large,USA,Contract,100,9.0,102215.0
AI Engineer,Entry,Large,Australia,Contract,50,2.0,25538.0
Data Engineer,Mid,Medium,Germany,Contract,50,2.0,60317.0
Data Analyst,Entry,Large,Germany,Full-time,100,3.0,37454.0
Business Intelligence Analyst,Senior,Small,India,Full-time,100,11.0,
Business Intelligence Analyst,Mid,Medium,UK,Full-time,0,6.0,78455.0
Business Intelligence Analyst,Mid,Medium,Australia,Contract,0,2.0,65059.0
Data Analyst,Mid,Small,Canada,Contract,50,9.0,100630.0
Data Analyst,Mid,Medium,Australia,Part-time,50,7.0,76286.0
Data Engineer,Executive,Medium,Canada,Contract,50,10.0,171529.0
Machine Learning Engineer,Mid,Medium,Canada,Part-time,100,7.0,85000.0
Data Engineer,Entry,Medium,USA,Full-time,100,5.0,41655.0
AI Engineer,Mid,Small,Canada,Contract,0,3.0,56877.0
Data Scientist,Entry,Small,Canada,Full-time,50,10.0,69941.0
Business Intelligence Analyst,Entry,Medium,India,Full-time,0,11.0,83862.0
Machine Learning Engineer,Executive,Medium,Germany,Full-time,100,10.0,183055.0
Data Scientist,Senior,Small,Australia,Full-time,100,4.0,116484.0
Machine Learning Engineer,Executive,Small,Australia,Contract,100,11.0,178087.0
Data Engineer,Mid,Small,Canada,Full-time,0,1.0,50828.0
Data Analyst,Mid,Medium,UK,Part-time,100,12.0,118675.0
Business Intelligence Analyst,Entry,Medium,Australia,Contract,50,5.0,52077.0
Data Engineer,Entry,Large,Canada,Full-time,0,2.0,
Data Scientist,Senior,Small,USA,Contract,100,14.0,161432.0
Data Scientist,Mid,Medium,USA,Part-time,0,5.0,68491.0
Data Scientist,Senior,Small,,Full-time,0,11.0,148358.0
Data Scientist,Senior,Medium,Canada,Part-time,100,4.0,113354.0
Data Scientist,Entry,Small,India,Full-time,100,13.0,
Machine Learning Engineer,Mid,Medium,UK,Part-time,0,1.0,47268.0
Data Engineer,Mid,Large,Canada,Full-time,0,14.0,115632.0
Business Intelligence Analyst,Entry,Large,India,Contract,100,11.0,68783.0
Data Analyst,Senior,Small,India,Full-time,50,12.0,154479.0
Data Analyst,Mid,Medium,Australia,Contract,0,13.0,120387.0
Data Engineer,Entry,Medium,,Full-time,0,4.0,35969.0
Data Engineer,Mid,Small,Canada,Full-time,50,4.0,
Data Analyst,Executive,Medium,India,Part-time,100,13.0,193850.0
Data Analyst,Entry,Small,India,Part-time,100,8.0,65172.0
Machine Learning Engineer,Senior,Medium,India,Part-time,50,10.0,147402.0
AI Engineer,Entry,Small,Australia,Full-time,100,7.0,63337.0
Business Intelligence Analyst,Senior,Medium,Canada,Full-time,100,11.0,138657.0
Data Scientist,Senior,Small,India,Full-time,0,11.0,153680.0
AI Engineer,Mid,Medium,USA,Contract,0,6.0,87158.0
Data Engineer,Mid,Large,Canada,Contract,0,14.0,129195.0
Data Analyst,Senior,Medium,Australia,Full-time,50,14.0,159572.0
AI Engineer,Mid,Small,USA,Part-time,100,,98182.0
Business Intelligence Analyst,Senior,Large,Germany,Part-time,100,12.0,152979.0
Data Engineer,Entry,Medium,Canada,Part-time,0,,87867.0
Data Scientist,Senior,Large,Germany,Full-time,0,13.0,
Data Scientist,Senior,Medium,,Part-time,50,2.0,103006.0
Business Intelligence Analyst,Senior,Large,Australia,Full-time,100,9.0,129329.0
Business Intelligence Analyst,Entry,Small,India,Contract,50,3.0,28097.0
Data Analyst,Mid,Medium,Australia,Part-time,100,5.0,66404.0
Data Scientist,Mid,Medium,UK,Contract,50,,55101.0
Data Engineer,Mid,Small,India,Part-time,0,10.0,91369.0
AI Engineer,Mid,Large,Germany,Full-time,50,8.0,86665.0
Data Engineer,Entry,Small,Australia,Full-time,50,7.0,63448.0
Machine Learning Engineer,Senior,Small,India,Full-time,0,5.0,107765.0
Machine Learning Engineer,Mid,Large,Canada,Full-time,100,3.0,74201.0
Business Intelligence Analyst,Entry,Small,Australia,Part-time,100,6.0,40716.0
Data Analyst,Mid,Medium,Australia,Contract,0,12.0,113850.0
Machine Learning Engineer,Mid,Medium,India,Full-time,50,14.0,111711.0
Data Scientist,Entry,Medium,UK,Part-time,50,10.0,66261.0
Data Engineer,Executive,Small,India,Contract,50,2.0,146392.0
Data Engineer,Senior,Medium,Germany,Full-time,100,9.0,131086.0
Business Intelligence Analyst,Mid,Medium,Germany,Contract,50,14.0,124362.0
AI Engineer,Entry,Medium,Australia,Full-time,100,7.0,56223.0
Business Intelligence Analyst,Senior,Medium,Australia,Contract,50,0.0,96220.0
AI Engineer,Mid,Medium,India,Contract,0,2.0,63392.0
Business Intelligence Analyst,Mid,Medium,Germany,Full-time,0,10.0,92246.0
Business Intelligence Analyst,Mid,Small,Germany,Part-time,100,4.0,
Business Intelligence Analyst,Mid,Medium,UK,Contract,100,4.0,77234.0
AI Engineer,Mid,Medium,Canada,Full-time,0,9.0,102491.0
AI Engineer,Mid,Large,UK,Contract,0,13.0,121683.0
Business Intelligence Analyst,Mid,Small,USA,Contract,50,1.0,54669.0
Machine Learning Engineer,Senior,Small,UK,Part-time,0,9.0,126082.0
Data Analyst,Mid,Small,India,Contract,100,7.0,86148.0
Data Analyst,Senior,Small,Canada,Contract,0,4.0,108167.0
Data Analyst,Senior,Medium,India,Full-time,100,6.0,119557.0
AI Engineer,Mid,Medium,USA,Full-time,100,14.0,129184.0
AI Engineer,Mid,Large,Canada,Part-time,50,6.0,81728.0
Machine Learning Engineer,Mid,Large,Australia,Contract,50,13.0,108951.0
Data Analyst,Mid,Small,Germany,Contract,50,4.0,74677.0
Data Analyst,Senior,Large,UK,Contract,50,7.0,130969.0
Business Intelligence Analyst,Mid,Large,India,Part-time,0,8.0,88967.0
AI Engineer,Executive,Small,USA,Contract,50,3.0,141768.0
Data Analyst,Entry,Small,Germany,Full-time,0,3.0,42836.0
Data Engineer,Entry,Large,UK,Part-time,50,7.0,63065.0
Machine Learning Engineer,Mid,Medium,Germany,Full-time,50,0.0,
Data Engineer,Entry,Large,UK,Full-time,100,14.0,82303.0
Data Engineer,Entry,Large,Australia,Part-time,0,3.0,40163.0
Machine Learning Engineer,Mid,Medium,Canada,Full-time,100,5.0,72157.0
Data Engineer,Entry,Medium,Germany,Contract,50,12.0,88235.0
Data Analyst,Entry,Small,Germany,Part-time,0,3.0,
AI Engineer,Executive,Small,Germany,Full-time,50,5.0,161129.0
Machine Learning Engineer,Entry,Large,Canada,Contract,100,4.0,39519.0
Business Intelligence Analyst,Senior,Medium,USA,Contract,0,13.0,145244.0
Data Engineer,Senior,Small,,Full-time,100,8.0,128948.0
Machine Learning Engineer,Senior,Large,Australia,Contract,50,9.0,134015.0
Data Scientist,Entry,Medium,Germany,Part-time,50,8.0,61019.0
Data Scientist,Senior,Large,Canada,Full-time,50,3.0,97779.0
AI Engineer,Mid,Small,USA,Contract,0,12.0,118230.0
Data Analyst,Mid,Small,UK,Contract,100,13.0,118723.0
AI Engineer,Mid,Medium,Canada,Full-time,100,3.0,67803.0
AI Engineer,Senior,Large,Australia,Full-time,50,,151857.0
AI Engineer,Mid,Medium,Australia,Full-time,100,7.0,88698.0
AI Engineer,Senior,Small,UK,Full-time,0,9.0,126792.0
Business Intelligence Analyst,Mid,Small,Germany,Part-time,50,14.0,125376.0
Business Intelligence Analyst,Senior,Large,Australia,Full-time,50,3.0,113118.0
Machine Learning Engineer,Executive,Large,USA,Part-time,50,1.0,138117.0
Data Scientist,Entry,Large,Canada,Part-time,0,12.0,
AI Engineer,Executive,Medium,USA,Full-time,50,12.0,185188.0
Machine Learning Engineer,Entry,Large,Germany,Part-time,50,13.0,91018.0
Data Scientist,Entry,Large,USA,Full-time,50,14.0,
Data Engineer,Entry,Small,USA,Full-time,50,1.0,20281.0
Data Analyst,Mid,Small,India,Contract,100,0.0,40944.0
Business Intelligence Analyst,Mid,Large,USA,Full-time,50,4.0,61511.0
Data Engineer,Entry,Large,UK,Contract,0,14.0,92718.0
Data Scientist,Entry,Small,Canada,Part-time,50,5.0,52242.0
Data Engineer,Senior,Large,India,Contract,50,8.0,139944.0
Data Analyst,Senior,Medium,Canada,Part-time,100,4.0,108369.0
Data Scientist,Senior,Medium,Canada,Full-time,50,12.0,152120.0
Data Engineer,Senior,Medium,Germany,Part-time,100,5.0,118721.0
Business Intelligence Analyst,Senior,Large,Germany,Part-time,0,5.0,107615.0
Business Intelligence Analyst,Entry,Small,India,Full-time,100,2.0,37997.0
Machine Learning Engineer,Mid,Large,Australia,Part-time,50,11.0,110629.0
Data Engineer,Senior,Large,Germany,Full-time,0,3.0,97840.0
AI Engineer,Entry,Small,Germany,Contract,50,0.0,24051.0
Data Engineer,Mid,Small,Germany,Full-time,100,3.0,56774.0
Data Scientist,Entry,Small,Canada,Full-time,0,0.0,23262.0
Data Scientist,Mid,Medium,India,Part-time,0,14.0,113871.0
Data Engineer,Mid,Large,Canada,Contract,100,4.0,68273.0
Data Analyst,Mid,Small,UK,Full-time,100,10.0,107229.0
Business Intelligence Analyst,Mid,Large,Canada,Contract,0,10.0,99408.0
Data Scientist,Mid,Medium,UK,Contract,0,7.0,78260.0
Business Intelligence Analyst,Entry,Medium,USA,Part-time,100,7.0,48145.0
Data Scientist,Entry,Small,USA,Full-time,50,4.0,37802.0
Machine Learning Engineer,Senior,Small,UK,Part-time,0,13.0,147263.0
AI Engineer,Mid,Large,UK,Full-time,100,9.0,93155.0
Data Scientist,Entry,Small,Canada,Contract,50,1.0,15922.0
Business Intelligence Analyst,Senior,Large,UK,Full-time,0,11.0,141695.0
Machine Learning Engineer,Entry,Small,India,Full-time,0,5.0,40758.0
Data Scientist,Mid,Large,USA,Contract,100,0.0,52576.0
Data Analyst,Entry,Large,USA,Contract,50,6.0,59014.0
AI Engineer,Senior,Large,Australia,Full-time,0,,137816.0
Data Scientist,Mid,Large,UK,Part-time,50,3.0,62556.0
Machine Learning Engineer,Entry,Medium,Germany,Full-time,50,4.0,46225.0
Data Analyst,Senior,Large,Germany,Contract,0,5.0,110930.0
Data Engineer,Mid,Small,UK,Part-time,50,10.0,101633.0
Machine Learning Engineer,Entry,Medium,India,Contract,0,0.0,13512.0
Machine Learning Engineer,Entry,Medium,Germany,Contract,50,8.0,56066.0
Data Analyst,Entry,Large,Australia,Part-time,0,9.0,68207.0
Machine Learning Engineer,Entry,Medium,UK,Contract,100,3.0,
Data Analyst,Mid,Large,India,Contract,0,7.0,77060.0
Data Scientist,Senior,Small,,Contract,0,4.0,114013.0
Data Analyst,Mid,Large,Canada,Contract,0,10.0,109418.0
Data Analyst,Entry,Medium,India,Contract,50,7.0,47387.0
AI Engineer,Entry,Small,Germany,Contract,100,14.0,88031.0
Data Analyst,Entry,Large,Germany,Contract,50,0.0,11799.0
Data Analyst,Mid,Small,UK,Contract,50,7.0,77780.0
Data Engineer,Senior,Small,UK,Contract,0,10.0,131127.0
Data Scientist,Entry,Medium,India,Full-time,50,12.0,77365.0
AI Engineer,Senior,Small,Australia,Full-time,0,10.0,144635.0
Data Engineer,Senior,Medium,USA,Contract,100,3.0,102611.0
Business Intelligence Analyst,Mid,Small,Canada,Full-time,50,1.0,57646.0
Data Scientist,Senior,Large,USA,Part-time,50,10.0,137535.0
Data Scientist,Mid,Small,India,Full-time,50,5.0,79504.0
Business Intelligence Analyst,Mid,Large,India,Contract,0,1.0,54364.0
Data Analyst,Mid,Large,USA,Contract,0,,62808.0
Data Engineer,Mid,Small,Canada,Full-time,50,1.0,58055.0
Machine Learning Engineer,Entry,Large,USA,Contract,50,2.0,24297.0
AI Engineer,Mid,Small,UK,Part-time,100,10.0,101209.0
Machine Learning Engineer,Entry,Small,Germany,Part-time,100,5.0,35448.0
Business Intelligence Analyst,Mid,Large,Australia,Contract,100,0.0,45008.0
Data Scientist,Entry,Large,UK,Part-time,100,,52177.0
Data Scientist,Senior,Medium,Germany,Part-time,100,2.0,106820.0
AI Engineer,Senior,Large,Australia,Full-time,0,6.0,116012.0
Data Scientist,Mid,Medium,Australia,Part-time,100,1.0,46620.0
Data Scientist,Entry,Large,Australia,Full-time,100,13.0,88584.0
AI Engineer,Senior,Small,India,Contract,50,5.0,105948.0
Data Engineer,Senior,Large,Australia,Full-time,0,7.0,124319.0
Data Engineer,Senior,Small,,Contract,100,14.0,166575.0
AI Engineer,Entry,Small,USA,Contract,100,14.0,92204.0
Business Intelligence Analyst,Mid,Small,Canada,Contract,100,14.0,121952.0
Data Scientist,Entry,Medium,USA,Contract,50,0.0,27787.0
Data Scientist,Entry,Large,UK,Contract,50,10.0,78374.0
Business Intelligence Analyst,Senior,Small,UK,Full-time,50,10.0,131104.0
Data Engineer,Senior,Small,USA,Contract,100,12.0,140548.0
Data Analyst,Mid,Medium,Canada,Part-time,50,8.0,91640.0
Data Analyst,Senior,Large,USA,Part-time,100,4.0,107903.0
Data Analyst,Mid,Large,Australia,Contract,0,4.0,78168.0
Data Engineer,Mid,Medium,India,Part-time,100,12.0,110613.0
Data Engineer,Mid,Medium,,Full-time,50,11.0,112188.0
Business Intelligence Analyst,Senior,Large,India,Full-time,0,4.0,108990.0
Data Scientist,Entry,Medium,Australia,Contract,100,5.0,46467.0
Business Intelligence Analyst,Senior,Large,Australia,Contract,0,1.0,89238.0
Business Intelligence Analyst,Senior,Large,UK,Contract,0,5.0,124644.0
Data Engineer,Entry,Small,UK,Part-time,0,13.0,79367.0
Data Analyst,Mid,Small,Australia,Part-time,100,10.0,95651.0
Machine Learning Engineer,Senior,Large,Germany,Full-time,50,3.0,111204.0
Data Scientist,Mid,Large,India,Part-time,100,,94755.0
Data Engineer,Senior,Large,India,Full-time,50,12.0,142093.0
Data Analyst,Senior,Large,Germany,Part-time,100,10.0,134001.0
Machine Learning Engineer,Mid,Large,Canada,Full-time,100,8.0,
Machine Learning Engineer,Mid,Large,India,Contract,100,8.0,91272.0
Data Engineer,Senior,Medium,USA,Part-time,50,7.0,
AI Engineer,Mid,Large,Australia,Full-time,100,2.0,68901.0
Data Scientist,Entry,Medium,Australia,Part-time,0,,63697.0
Machine Learning Engineer,Entry,Medium,Germany,Contract,100,10.0,77480.0
Data Engineer,Mid,Large,India,Full-time,0,10.0,102371.0
Data Engineer,Senior,Large,Canada,Part-time,50,3.0,104236.0
Data Analyst,Senior,Medium,India,Part-time,50,,93769.0
AI Engineer,Mid,Medium,Australia,Contract,100,8.0,87061.0
Data Scientist,Entry,Large,UK,Contract,100,4.0,48588.0
Business Intelligence Analyst,Entry,Large,USA,Full-time,100,5.0,38902.0
Data Analyst,Senior,Medium,Germany,Part-time,0,2.0,91352.0
Machine Learning Engineer,Entry,Medium,UK,Part-time,50,10.0,61596.0
Machine Learning Engineer,Entry,Medium,Canada,Contract,0,9.0,63767.0
Data Analyst,Entry,Small,UK,Contract,0,7.0,45679.0
Data Engineer,Mid,Medium,UK,Full-time,100,14.0,122020.0
Machine Learning Engineer,Senior,Small,Canada,Part-time,100,6.0,122096.0
AI Engineer,Entry,Large,UK,Part-time,0,0.0,21385.0
Data Scientist,Mid,Large,Germany,Full-time,0,9.0,93509.0
AI Engineer,Mid,Medium,Australia,Full-time,100,11.0,100734.0
Machine Learning Engineer,Executive,Large,India,Contract,100,4.0,155675.0
Business Intelligence Analyst,Entry,Large,UK,Contract,0,9.0,67693.0
Data Scientist,Mid,Large,Germany,Full-time,100,8.0,99380.0
Data Scientist,Mid,Large,,Full-time,100,11.0,102407.0
Data Analyst,Senior,Small,India,Part-time,0,10.0,141786.0
Data Analyst,Mid,Small,UK,Full-time,0,11.0,97542.0
Business Intelligence Analyst,Entry,Medium,,Full-time,50,5.0,52062.0
Data Engineer,Mid,Medium,Australia,Part-time,0,7.0,80366.0
Data Scientist,Senior,Medium,UK,Full-time,100,9.0,132410.0
Business Intelligence Analyst,Entry,Large,Canada,Contract,0,,19835.0
Data Analyst,Senior,Large,India,Contract,0,9.0,138647.0
Data Analyst,Entry,Small,UK,Part-time,0,10.0,65541.0
Data Scientist,Mid,Small,India,Full-time,50,6.0,87218.0
AI Engineer,Mid,Medium,Germany,Contract,50,2.0,60433.0
Machine Learning Engineer,Senior,Small,,Contract,100,8.0,130547.0
Data Analyst,Mid,Small,,Contract,50,5.0,74860.0
Data Engineer,Senior,Small,Australia,Contract,0,4.0,110745.0
Data Engineer,Senior,Small,UK,Full-time,50,7.0,121818.0
Data Analyst,Mid,Small,India,Full-time,0,7.0,89101.0
AI Engineer,Senior,Medium,Germany,Full-time,50,11.0,140028.0
AI Engineer,Senior,Medium,Canada,Full-time,50,11.0,150798.0
Business Intelligence Analyst,Entry,Small,Australia,Contract,50,2.0,30954.0
Data Engineer,Mid,Medium,Germany,Part-time,0,1.0,57770.0
Business Intelligence Analyst,Senior,Large,UK,Part-time,50,14.0,159438.0
Data Engineer,Entry,Small,Canada,Contract,0,1.0,33156.0
Machine Learning Engineer,Senior,Large,,Contract,0,13.0,163548.0
Machine Learning Engineer,Executive,Medium,USA,Part-time,100,4.0,147111.0
Data Scientist,Entry,Medium,Australia,Part-time,50,9.0,74219.0
Business Intelligence Analyst,Mid,Large,India,Contract,100,11.0,114049.0
Data Analyst,Mid,Medium,Germany,Contract,100,6.0,76113.0
Business Intelligence Analyst,Mid,Small,Germany,Full-time,0,7.0,77563.0
Data Analyst,Entry,Large,USA,Full-time,50,9.0,70889.0
AI Engineer,Entry,Small,UK,Part-time,0,14.0,88498.0
Business Intelligence Analyst,Mid,Large,Australia,Contract,0,7.0,83131.0
AI Engineer,Senior,Medium,Australia,Part-time,50,12.0,142696.0
Machine Learning Engineer,Senior,Large,India,Full-time,0,11.0,142704.0
Machine Learning Engineer,Mid,Large,Germany,Full-time,50,7.0,
Data Scientist,Entry,Small,Canada,Part-time,50,14.0,89765.0
Business Intelligence Analyst,Mid,Medium,Germany,Full-time,0,9.0,102524.0
AI Engineer,Entry,Small,India,Contract,0,11.0,75002.0
Data Analyst,Senior,Medium,Germany,Part-time,100,10.0,141390.0
Machine Learning Engineer,Senior,Small,USA,Contract,0,2.0,101668.0
Machine Learning Engineer,Senior,Large,Germany,Contract,50,13.0,163946.0
Data Analyst,Senior,Small,Germany,Full-time,100,10.0,149236.0
AI Engineer,Entry,Medium,Canada,Contract,50,1.0,31244.0
AI Engineer,Senior,Medium,USA,Part-time,100,12.0,146641.0
Business Intelligence Analyst,Mid,Large,,Contract,0,3.0,55941.0
Business Intelligence Analyst,Senior,Medium,Germany,Contract,0,14.0,162815.0
Data Engineer,Entry,Small,Australia,Contract,0,0.0,16541.0
Data Engineer,Senior,Large,Canada,Contract,50,2.0,105624.0
Data Scientist,Senior,Medium,,Contract,100,10.0,139966.0
Machine Learning Engineer,Entry,Medium,Germany,Full-time,50,8.0,51421.0
Business Intelligence Analyst,Mid,Small,India,Part-time,100,6.0,75765.0
AI Engineer,Senior,Small,India,Full-time,0,6.0,126819.0
Data Analyst,Mid,Large,Australia,Part-time,50,0.0,57223.0
AI Engineer,Entry,Medium,Canada,Part-time,0,6.0,44001.0
Machine Learning Engineer,Entry,Small,,Part-time,50,9.0,
Data Engineer,Entry,Large,India,Part-time,0,6.0,45248.0
AI Engineer,Senior,Medium,UK,Part-time,50,3.0,99959.0
Data Scientist,Mid,Medium,USA,Contract,50,6.0,88034.0
Machine Learning Engineer,Entry,Large,India,Full-time,100,7.0,63645.0
Data Engineer,Mid,Large,India,Full-time,0,2.0,53889.0
Data Analyst,Mid,Small,Canada,Contract,100,12.0,101326.0
Data Engineer,Entry,Medium,Australia,Part-time,100,9.0,
Data Scientist,Mid,Medium,UK,Full-time,0,1.0,48358.0
Machine Learning Engineer,Mid,Medium,India,Contract,50,6.0,71585.0
Data Analyst,Mid,Large,India,Contract,100,4.0,
Data Scientist,Senior,Small,Canada,Full-time,0,4.0,111560.0
Data Engineer,Entry,Medium,Canada,Full-time,50,13.0,91772.0
Data Scientist,Mid,Large,Australia,Part-time,100,4.0,75818.0
Machine Learning Engineer,Mid,Medium,UK,Part-time,100,14.0,129175.0
Business Intelligence Analyst,Mid,Small,USA,Full-time,100,6.0,73332.0
Data Scientist,Mid,Medium,Australia,Part-time,50,,97087.0
Data Scientist,Mid,Small,,Contract,100,10.0,92820.0
Data Engineer,Senior,Small,Germany,Part-time,50,7.0,130472.0
Data Engineer,Mid,Medium,India,Part-time,100,5.0,69959.0
Data Analyst,Mid,Medium,UK,Contract,0,6.0,87443.0
Data Engineer,Senior,Small,Australia,Part-time,100,8.0,132366.0
AI Engineer,Mid,Large,India,Contract,0,13.0,106301.0
Machine Learning Engineer,Entry,Small,UK,Part-time,0,10.0,70551.0
Machine Learning Engineer,Entry,Medium,UK,Full-time,0,5.0,39112.0
Business Intelligence Analyst,Entry,Medium,UK,Part-time,50,0.0,22763.0
Business Intelligence Analyst,Senior,Large,India,Full-time,0,3.0,106774.0
Machine Learning Engineer,Senior,Small,,Full-time,100,7.0,131882.0
Business Intelligence Analyst,Senior,Small,Canada,Full-time,50,6.0,118620.0
Data Analyst,Mid,Small,,Full-time,0,2.0,57245.0
Data Engineer,Mid,Medium,UK,Full-time,50,9.0,
Machine Learning Engineer,Entry,Small,Australia,Contract,50,2.0,22105.0
Business Intelligence Analyst,Mid,Large,Germany,Contract,50,10.0,99745.0
Machine Learning Engineer,Mid,Medium,,Contract,100,2.0,55630.0
AI Engineer,Executive,Medium,UK,Full-time,0,,178206.0
Data Scientist,Entry,Small,Germany,Part-time,50,14.0,98953.0
Data Engineer,Mid,Large,Canada,Contract,50,0.0,42628.0
Machine Learning Engineer,Mid,Medium,UK,Part-time,50,14.0,120068.0
Data Scientist,Mid,Medium,Germany,Part-time,0,9.0,98394.0
Business Intelligence Analyst,Mid,Small,UK,Full-time,50,0.0,41067.0
Data Scientist,Senior,Small,India,Full-time,50,5.0,122890.0
Data Engineer,Entry,Large,Australia,Full-time,100,13.0,94397.0
Machine Learning Engineer,Senior,Small,Germany,Contract,0,13.0,160245.0
AI Engineer,Mid,Large,,Full-time,100,0.0,49859.0
Business Intelligence Analyst,Senior,Medium,India,Contract,0,4.0,106642.0
Machine Learning Engineer,Senior,Large,India,Contract,0,3.0,110377.0
Data Engineer,Mid,Large,Australia,Contract,0,4.0,64066.0
Business Intelligence Analyst,Entry,Large,Germany,Contract,100,6.0,40947.0
Data Analyst,Executive,Medium,Australia,Full-time,100,5.0,146171.0
Data Scientist,Mid,Small,Australia,Contract,100,11.0,
Data Engineer,Senior,Medium,USA,Full-time,100,8.0,126114.0
Data Analyst,Entry,Small,Germany,Full-time,50,5.0,35171.0
Machine Learning Engineer,Mid,Large,USA,Contract,50,8.0,92818.0
AI Engineer,Senior,Large,UK,Full-time,50,,104335.0
Business Intelligence Analyst,Senior,Large,Australia,Part-time,0,0.0,90051.0
Data Scientist,Mid,Large,UK,Full-time,50,0.0,46209.0
Business Intelligence Analyst,Senior,Large,Germany,Full-time,0,9.0,135380.0
Machine Learning Engineer,Mid,Small,Australia,Contract,100,6.0,73577.0
Business Intelligence Analyst,Entry,Small,UK,Contract,0,12.0,78380.0
Data Scientist,Mid,Large,Canada,Full-time,0,12.0,104076.0
Machine Learning Engineer,Mid,Medium,India,Contract,50,12.0,100157.0
Business Intelligence Analyst,Senior,Medium,Australia,Part-time,100,2.0,97777.0
AI Engineer,Mid,Large,India,Part-time,100,1.0,64101.0
Data Engineer,Entry,Small,USA,Contract,50,13.0,83437.0
Machine Learning Engineer,Entry,Medium,UK,Full-time,100,5.0,
Data Engineer,Mid,Medium,USA,Part-time,100,5.0,80279.0
Machine Learning Engineer,Mid,Medium,Australia,Part-time,100,12.0,
AI Engineer,Senior,Large,India,Full-time,50,6.0,117200.0
Data Engineer,Mid,Medium,India,Contract,100,4.0,78761.0
Data Analyst,Senior,Medium,UK,Part-time,0,7.0,129847.0
Data Scientist,Executive,Medium,Australia,Full-time,0,6.0,
Data Analyst,Mid,Medium,Canada,Full-time,100,1.0,46810.0
Business Intelligence Analyst,Senior,Small,Canada,Part-time,50,14.0,157895.0
AI Engineer,Senior,Large,UK,Contract,50,,98510.0
Data Analyst,Mid,Large,Australia,Part-time,50,12.0,106953.0
Machine Learning Engineer,Entry,Small,UK,Full-time,100,13.0,94414.0
Business Intelligence Analyst,Mid,Small,Australia,Part-time,100,8.0,86323.0
Business Intelligence Analyst,Mid,Large,USA,Contract,0,4.0,65605.0
Data Analyst,Senior,Medium,UK,Full-time,50,11.0,140891.0
Data Analyst,Mid,Medium,Australia,Contract,0,10.0,93076.0
AI Engineer,Senior,Large,Canada,Part-time,0,4.0,118728.0
Data Scientist,Mid,Medium,Australia,Part-time,50,11.0,95619.0
Data Analyst,Entry,Small,Australia,Contract,100,9.0,66094.0
Data Analyst,Executive,Medium,,Part-time,100,3.0,137407.0
Data Engineer,Mid,Medium,,Contract,0,1.0,57644.0
Machine Learning Engineer,Mid,Medium,USA,Part-time,0,4.0,63004.0
Data Engineer,Mid,Large,USA,Contract,0,1.0,
Data Engineer,Entry,Small,,Contract,0,11.0,84980.0
Business Intelligence Analyst,Mid,Medium,Germany,Full-time,50,6.0,74039.0
Data Scientist,Mid,Large,UK,Full-time,0,10.0,91304.0
Machine Learning Engineer,Mid,Medium,India,Contract,0,8.0,85630.0
AI Engineer,Executive,Small,UK,Part-time,100,,167282.0
AI Engineer,Mid,Medium,Germany,Part-time,100,10.0,93307.0
Data Analyst,Entry,Small,USA,Part-time,100,5.0,52745.0
Data Analyst,Mid,Medium,Germany,Contract,50,0.0,46665.0
AI Engineer,Senior,Small,Canada,Contract,50,12.0,144294.0
Data Analyst,Entry,Medium,Canada,Contract,100,,36787.0
Data Scientist,Entry,Small,UK,Contract,100,4.0,31073.0
Data Engineer,Entry,Medium,UK,Full-time,0,3.0,28599.0
Data Analyst,Entry,Medium,India,Contract,0,11.0,80389.0
Business Intelligence Analyst,Senior,Large,India,Part-time,50,5.0,116345.0
Data Analyst,Senior,Large,Canada,Full-time,50,5.0,117318.0
Machine Learning Engineer,Mid,Small,USA,Part-time,0,13.0,121107.0
Data Scientist,Mid,Medium,Germany,Contract,100,5.0,68055.0
Machine Learning Engineer,Mid,Small,India,Full-time,0,1.0,
Machine Learning Engineer,Executive,Large,Australia,Contract,50,14.0,196320.0
Business Intelligence Analyst,Executive,Small,India,Full-time,50,13.0,191513.0
Data Scientist,Mid,Small,USA,Part-time,0,6.0,74642.0
Data Scientist,Senior,Large,USA,Contract,0,13.0,154321.0
Data Scientist,Senior,Medium,UK,Contract,0,3.0,109432.0
Data Scientist,Mid,Small,Germany,Full-time,50,12.0,104466.0
Data Scientist,Entry,Large,USA,Full-time,100,14.0,91458.0
Business Intelligence Analyst,Mid,Medium,India,Contract,0,11.0,110879.0
Data Analyst,Senior,Large,India,Full-time,50,8.0,138855.0
Machine Learning Engineer,Executive,Small,Canada,Contract,50,9.0,173284.0
Data Scientist,Senior,Medium,USA,Full-time,50,1.0,95758.0
Data Analyst,Senior,Medium,Australia,Part-time,0,4.0,117665.0
Data Analyst,Mid,Large,UK,Full-time,0,13.0,115991.0
Machine Learning Engineer,Senior,Large,Germany,Part-time,100,3.0,114561.0
Business Intelligence Analyst,Senior,Large,Australia,Full-time,50,8.0,124511.0
AI Engineer,Mid,Medium,UK,Full-time,0,3.0,65796.0
AI Engineer,Mid,Medium,India,Contract,50,7.0,78881.0
Data Analyst,Senior,Small,Australia,Full-time,50,7.0,130668.0
Data Engineer,Entry,Medium,UK,Full-time,100,5.0,37413.0
Data Engineer,Senior,Small,India,Part-time,0,5.0,106544.0
Machine Learning Engineer,Entry,Large,India,Full-time,0,10.0,75729.0
AI Engineer,Mid,Large,India,Contract,50,7.0,79784.0
Data Analyst,Senior,Medium,India,Part-time,50,11.0,140626.0
Business Intelligence Analyst,Entry,Large,India,Contract,100,12.0,74514.0
AI Engineer,Entry,Large,Canada,Contract,100,11.0,66145.0
Data Analyst,Mid,Medium,,Contract,100,9.0,94102.0
Data Analyst,Senior,Small,UK,Contract,100,8.0,131498.0
Data Scientist,Entry,Medium,Canada,Part-time,100,14.0,85450.0
Business Intelligence Analyst,Senior,Small,Canada,Full-time,100,4.0,117950.0
Data Scientist,Entry,Medium,USA,Contract,50,10.0,79389.0
Machine Learning Engineer,Executive,Medium,USA,Part-time,100,0.0,124507.0
Data Scientist,Executive,Large,USA,Contract,50,0.0,133535.0
Data Scientist,Mid,Medium,Germany,Full-time,50,14.0,
AI Engineer,Mid,Medium,USA,Part-time,0,1.0,58523.0
Data Engineer,Mid,Small,UK,Part-time,50,9.0,88992.0
Data Analyst,Mid,Large,Canada,Full-time,50,9.0,93522.0
Business Intelligence Analyst,Entry,Small,UK,Part-time,100,4.0,38027.0
Data Scientist,Entry,Small,Australia,Full-time,50,3.0,36972.0
Business Intelligence Analyst,Entry,Large,USA,Part-time,100,0.0,25305.0
Data Engineer,Mid,Large,Germany,Part-time,100,3.0,65793.0
Data Engineer,Entry,Large,Australia,Full-time,100,3.0,44361.0
Data Scientist,Mid,Medium,Germany,Full-time,0,9.0,85529.0
Machine Learning Engineer,Executive,Large,Australia,Part-time,100,3.0,154276.0
Data Scientist,Mid,Large,Canada,Part-time,50,0.0,44734.0
AI Engineer,Mid,Large,UK,Full-time,100,8.0,93898.0
Data Analyst,Mid,Small,India,Full-time,100,13.0,123909.0
Machine Learning Engineer,Senior,Small,UK,Part-time,100,2.0,102985.0
Data Scientist,Senior,Medium,USA,Part-time,0,12.0,153989.0
Business Intelligence Analyst,Senior,Small,India,Part-time,50,3.0,97742.0
Machine Learning Engineer,Executive,Medium,Germany,Full-time,0,4.0,144635.0
Machine Learning Engineer,Entry,Small,Canada,Part-time,50,12.0,74425.0
Data Scientist,Senior,Large,Canada,Contract,0,12.0,148661.0
Machine Learning Engineer,Senior,Small,Germany,Full-time,50,6.0,113830.0
Business Intelligence Analyst,Entry,Medium,USA,Part-time,0,5.0,35533.0
Data Engineer,Executive,Small,Germany,Full-time,100,4.0,154250.0
Machine Learning Engineer,Entry,Large,Australia,Contract,0,7.0,57247.0
Data Engineer,Mid,Medium,USA,Full-time,0,13.0,109087.0
Business Intelligence Analyst,Entry,Large,India,Part-time,100,0.0,
Data Scientist,Mid,Large,Germany,Contract,100,6.0,83293.0
Data Analyst,Senior,Medium,USA,Contract,50,11.0,144082.0
Machine Learning Engineer,Mid,Large,,Part-time,50,5.0,67355.0
Data Analyst,Mid,Large,Germany,Part-time,50,10.0,91955.0
Business Intelligence Analyst,Mid,Small,Canada,Part-time,0,4.0,62971.0
Machine Learning Engineer,Senior,Large,Germany,Full-time,50,,115539.0
Data Engineer,Entry,Large,UK,Full-time,0,2.0,27493.0
AI Engineer,Mid,Large,Germany,Full-time,0,,58056.0
Data Analyst,Senior,Large,UK,Part-time,50,8.0,122836.0
Machine Learning Engineer,Senior,Medium,India,Part-time,50,,89939.0
Data Analyst,Mid,Small,Germany,Full-time,0,12.0,103644.0
Machine Learning Engineer,Senior,Large,India,Contract,100,9.0,143681.0
Data Scientist,Senior,Large,India,Full-time,100,14.0,153166.0
Data Engineer,Senior,Medium,USA,Contract,0,2.0,99511.0
Data Analyst,Mid,Large,India,Part-time,50,7.0,75183.0
AI Engineer,Entry,Medium,India,Part-time,0,11.0,74475.0
AI Engineer,Entry,Small,Germany,Full-time,0,9.0,74230.0
Business Intelligence Analyst,Entry,Small,Germany,Full-time,50,8.0,61332.0
Machine Learning Engineer,Mid,Large,Canada,Part-time,100,12.0,115173.0
Data Analyst,Entry,Large,USA,Full-time,0,,29988.0
Business Intelligence Analyst,Mid,Large,India,Part-time,100,5.0,69722.0
Data Analyst,Mid,Medium,USA,Part-time,100,6.0,85194.0
Machine Learning Engineer,Entry,Large,UK,Contract,50,14.0,97166.0
AI Engineer,Senior,Large,,Full-time,0,0.0,97891.0
Data Scientist,Mid,Small,USA,Part-time,0,13.0,119072.0
AI Engineer,Entry,Large,Canada,Full-time,100,6.0,55976.0
Business Intelligence Analyst,Senior,Small,Canada,Contract,100,3.0,100855.0
Data Engineer,Entry,Large,,Contract,50,4.0,43294.0
Data Scientist,Senior,Small,UK,Full-time,100,7.0,127046.0
Business Intelligence Analyst,Senior,Large,Canada,Full-time,50,3.0,95676.0
Machine Learning Engineer,Mid,Small,Canada,Part-time,0,14.0,114090.0
Data Scientist,Senior,Medium,UK,Contract,50,3.0,107498.0
Business Intelligence Analyst,Mid,Small,USA,Contract,100,7.0,87777.0
Machine Learning Engineer,Mid,Small,Canada,Contract,0,,129070.0
AI Engineer,Entry,Small,Germany,Full-time,50,4.0,38382.0
Data Engineer,Entry,Large,Australia,Part-time,0,12.0,85006.0
Machine Learning Engineer,Senior,Large,Australia,Full-time,50,5.0,114034.0
Data Analyst,Mid,Large,Canada,Full-time,100,11.0,103526.0
Machine Learning Engineer,Mid,Medium,,Full-time,100,10.0,103930.0
Machine Learning Engineer,Mid,Medium,USA,Part-time,0,13.0,106110.0
Data Engineer,Mid,Small,India,Full-time,0,4.0,76962.0
Data Analyst,Entry,Medium,Germany,Contract,0,0.0,26445.0
Business Intelligence Analyst,Mid,Small,USA,Contract,50,6.0,70386.0
Business Intelligence Analyst,Senior,Small,UK,Contract,100,5.0,123584.0
Machine Learning Engineer,Entry,Small,Germany,Part-time,0,1.0,27906.0
Data Analyst,Entry,Medium,Australia,Full-time,0,10.0,
Data Analyst,Entry,Large,Germany,Part-time,0,6.0,55033.0
Data Engineer,Mid,Medium,UK,Full-time,50,5.0,80708.0
AI Engineer,Senior,Small,Canada,Contract,0,4.0,106321.0
Business Intelligence Analyst,Entry,Small,UK,Full-time,0,7.0,53678.0
Data Engineer,Entry,Medium,UK,Full-time,50,4.0,41924.0
Data Scientist,Mid,Small,Canada,Full-time,50,10.0,103565.0
Business Intelligence Analyst,Senior,Small,Canada,Part-time,0,1.0,93732.0
Data Engineer,Mid,Medium,,Full-time,0,5.0,70631.0
Business Intelligence Analyst,Mid,Medium,Canada,Full-time,50,13.0,115252.0
AI Engineer,Senior,Medium,Canada,Full-time,100,11.0,147438.0
Data Scientist,Mid,Small,UK,Part-time,50,0.0,45169.0
AI Engineer,Senior,Small,India,Part-time,100,4.0,106787.0
Data Scientist,Senior,Large,India,Part-time,0,13.0,150232.0
Machine Learning Engineer,Entry,Large,USA,Full-time,0,5.0,39288.0
Data Engineer,Entry,Medium,India,Contract,100,14.0,86734.0
Data Scientist,Entry,Large,Australia,Contract,50,6.0,57464.0
AI Engineer,Mid,Small,India,Contract,0,13.0,111240.0
Business Intelligence Analyst,Executive,Large,UK,Full-time,100,1.0,141581.0
Data Scientist,Mid,Small,Canada,Contract,50,0.0,47814.0
Data Engineer,Entry,Medium,Canada,Contract,100,5.0,45386.0
Data Scientist,Senior,Medium,UK,Contract,50,2.0,97851.0
Data Analyst,Mid,Small,Australia,Full-time,50,4.0,61600.0
Business Intelligence Analyst,Entry,Large,India,Contract,50,11.0,71866.0
Data Engineer,Mid,Medium,UK,Contract,50,14.0,113692.0
Data Engineer,Mid,Medium,USA,Full-time,100,10.0,109467.0
Machine Learning Engineer,Senior,Large,,Part-time,100,12.0,140332.0
AI Engineer,Entry,Large,Germany,Contract,100,14.0,
Machine Learning Engineer,Entry,Small,USA,Part-time,100,1.0,29109.0
Data Engineer,Mid,Large,Australia,Contract,100,14.0,124847.0
Business Intelligence Analyst,Entry,Large,USA,Full-time,50,0.0,24507.0
Data Scientist,Mid,Large,UK,Part-time,0,0.0,49963.0
Data Scientist,Mid,Small,India,Part-time,0,12.0,106106.0
Business Intelligence Analyst,Mid,Small,Canada,Part-time,100,10.0,97333.0
Data Engineer,Senior,Medium,Australia,Part-time,100,3.0,111058.0
Data Scientist,Mid,Small,Australia,Contract,0,9.0,91655.0
Data Scientist,Entry,Medium,Germany,Contract,50,12.0,75308.0
Data Scientist,Mid,Large,USA,Part-time,100,1.0,64105.0
AI Engineer,Senior,Medium,Germany,Contract,50,,81064.0
AI Engineer,Senior,Medium,India,Part-time,0,5.0,
Data Analyst,Entry,Large,India,Part-time,0,13.0,86115.0
Machine Learning Engineer,Executive,Medium,Germany,Full-time,100,3.0,
Business Intelligence Analyst,Mid,Small,Canada,Part-time,50,9.0,93512.0
Business Intelligence Analyst,Entry,Small,India,Contract,100,12.0,73957.0
Business Intelligence Analyst,Entry,Small,Germany,Part-time,0,11.0,83766.0
Data Analyst,Entry,Small,USA,Full-time,50,14.0,99615.0
AI Engineer,Senior,Medium,Germany,Contract,100,6.0,117008.0
Data Engineer,Entry,Medium,Germany,Full-time,100,10.0,76044.0
Data Engineer,Entry,Large,UK,Full-time,100,5.0,52884.0
Data Analyst,Senior,Medium,India,Part-time,0,4.0,114687.0
Data Engineer,Mid,Medium,Canada,Full-time,100,9.0,102952.0
Business Intelligence Analyst,Entry,Medium,Canada,Full-time,50,11.0,84665.0
Machine Learning Engineer,Entry,Large,UK,Contract,100,12.0,79711.0
Data Scientist,Entry,Small,Australia,Full-time,0,11.0,83249.0
AI Engineer,Entry,Medium,Canada,Part-time,100,11.0,74597.0
AI Engineer,Mid,Large,Germany,Part-time,0,11.0,110254.0
Data Analyst,Entry,Large,UK,Part-time,0,1.0,31388.0
AI Engineer,Entry,Large,USA,Full-time,50,4.0,44369.0
Business Intelligence Analyst,Senior,Small,India,Contract,50,8.0,127959.0
Data Engineer,Mid,Medium,India,Part-time,100,8.0,97552.0
Business Intelligence Analyst,Mid,Large,India,Full-time,0,,63782.0
Data Analyst,Mid,Small,Germany,Part-time,0,6.0,89014.0
Business Intelligence Analyst,Mid,Large,USA,Part-time,50,9.0,91608.0
Data Engineer,Mid,Large,UK,Contract,50,13.0,105347.0
Machine Learning Engineer,Mid,Large,UK,Part-time,100,3.0,67412.0
Data Analyst,Mid,Large,India,Contract,0,12.0,110005.0
Machine Learning Engineer,Senior,Large,USA,Full-time,50,12.0,159726.0
Data Scientist,Entry,Small,USA,Part-time,100,2.0,
Machine Learning Engineer,Senior,Medium,USA,Full-time,0,,132574.0
Data Scientist,Entry,Medium,Canada,Full-time,0,0.0,15272.0
Data Scientist,Senior,Medium,Canada,Full-time,50,2.0,106532.0
Machine Learning Engineer,Mid,Medium,India,Part-time,100,10.0,98694.0
Data Analyst,Senior,Small,USA,Contract,50,,137253.0
Data Engineer,Entry,Small,Australia,Part-time,100,13.0,78521.0
Business Intelligence Analyst,Mid,Small,USA,Full-time,0,14.0,111300.0
Business Intelligence Analyst,Mid,Large,UK,Contract,100,8.0,92225.0
Data Engineer,Senior,Large,UK,Full-time,100,6.0,
Data Scientist,Mid,Large,India,Contract,100,2.0,62045.0
Data Scientist,Mid,Medium,Australia,Part-time,100,,118835.0
Data Analyst,Mid,Large,USA,Contract,100,2.0,54385.0
AI Engineer,Mid,Medium,Australia,Part-time,50,3.0,69755.0
Machine Learning Engineer,Mid,Large,India,Full-time,100,6.0,72824.0
Data Scientist,Entry,Medium,UK,Contract,100,6.0,45964.0
Business Intelligence Analyst,Executive,Large,UK,Full-time,0,11.0,192370.0
Data Analyst,Senior,Large,Canada,Contract,100,11.0,154874.0
Machine Learning Engineer,Executive,Small,India,Part-time,0,13.0,188767.0
Data Analyst,Entry,Large,India,Contract,50,,28576.0
Machine Learning Engineer,Senior,Large,USA,Contract,50,11.0,147268.0
Machine Learning Engineer,Senior,Small,USA,Part-time,100,14.0,168390.0
Data Engineer,Mid,Medium,Canada,Part-time,50,4.0,67925.0
Data Scientist,Mid,Small,Germany,Part-time,100,6.0,73107.0
Data Analyst,Mid,Small,Australia,Contract,50,6.0,89714.0
Data Analyst,Senior,Medium,Germany,Full-time,100,5.0,113722.0
Data Engineer,Mid,Large,Germany,Contract,100,9.0,102307.0
Business Intelligence Analyst,Entry,Medium,India,Contract,0,9.0,73280.0
Business Intelligence Analyst,Mid,Large,Australia,Full-time,0,11.0,102883.0
Data Scientist,Senior,Large,India,Part-time,0,7.0,134708.0
Data Scientist,Senior,Medium,Australia,Contract,0,2.0,103453.0
AI Engineer,Executive,Small,UK,Full-time,100,14.0,207197.0
Data Engineer,Mid,Medium,India,Part-time,50,0.0,47618.0
Business Intelligence Analyst,Entry,Large,India,Part-time,100,2.0,20782.0
Machine Learning Engineer,Entry,Medium,,Contract,0,10.0,74642.0
Data Analyst,Entry,Medium,Canada,Part-time,0,1.0,22789.0
Data Scientist,Entry,Large,India,Part-time,50,1.0,29002.0
Data Analyst,Mid,Small,USA,Full-time,0,13.0,124523.0
Data Analyst,Entry,Medium,USA,Full-time,100,13.0,86981.0
AI Engineer,Mid,Large,Australia,Part-time,100,1.0,50007.0
Business Intelligence Analyst,Senior,Large,UK,Full-time,100,4.0,107575.0
Data Scientist,Mid,Medium,Canada,Part-time,100,12.0,119574.0
Data Analyst,Senior,Small,Australia,Contract,100,,96184.0
Data Scientist,Mid,Medium,USA,Full-time,50,9.0,96294.0
Machine Learning Engineer,Entry,Small,,Part-time,100,3.0,30637.0
AI Engineer,Mid,Small,Canada,Part-time,0,13.0,117770.0
Machine Learning Engineer,Entry,Small,UK,Full-time,0,,69542.0
Data Scientist,Mid,Small,Canada,Full-time,0,4.0,70908.0
Data Scientist,Mid,Medium,India,Contract,0,1.0,61962.0
Business Intelligence Analyst,Entry,Large,Canada,Part-time,50,4.0,42699.0
Data Analyst,Entry,Large,UK,Contract,0,9.0,56865.0
Data Analyst,Mid,Large,Australia,Contract,50,14.0,111376.0
Machine Learning Engineer,Executive,Large,UK,Contract,0,3.0,149255.0
AI Engineer,Senior,Large,UK,Full-time,50,7.0,128647.0
Data Engineer,Senior,Large,USA,Contract,50,0.0,85408.0
Data Analyst,Entry,Medium,India,Full-time,50,14.0,88163.0
Business Intelligence Analyst,Senior,Small,USA,Full-time,0,11.0,141283.0
Machine Learning Engineer,Senior,Large,Australia,Contract,50,4.0,101976.0
Machine Learning Engineer,Mid,Medium,Germany,Contract,100,13.0,111443.0
Data Engineer,Executive,Large,Australia,Part-time,100,13.0,198324.0
Business Intelligence Analyst,Mid,Large,India,Contract,0,10.0,97595.0
AI Engineer,Senior,Small,Canada,Part-time,100,11.0,139920.0
Business Intelligence Analyst,Senior,Small,UK,Contract,100,9.0,143271.0
AI Engineer,Entry,Small,Germany,Contract,100,0.0,27375.0
Business Intelligence Analyst,Mid,Large,India,Contract,0,9.0,90228.0
Business Intelligence Analyst,Executive,Large,USA,Contract,0,9.0,176748.0
Data Scientist,Entry,Large,UK,Part-time,100,3.0,40715.0
Machine Learning Engineer,Mid,Small,Australia,Part-time,0,,89484.0
Business Intelligence Analyst,Executive,Medium,USA,Contract,50,0.0,126450.0
Data Engineer,Mid,Large,India,Contract,100,10.0,109988.0
Business Intelligence Analyst,Entry,Large,India,Part-time,0,14.0,
Data Analyst,Mid,Large,Australia,Full-time,0,1.0,45020.0
Machine Learning Engineer,Entry,Medium,Germany,Full-time,100,0.0,24717.0
Data Analyst,Mid,Large,Australia,Full-time,0,10.0,104580.0
Machine Learning Engineer,Entry,Medium,Canada,Part-time,100,6.0,50117.0
Data Analyst,Mid,Large,USA,Part-time,0,1.0,54664.0
Business Intelligence Analyst,Mid,Medium,Germany,Full-time,50,0.0,41099.0
Business Intelligence Analyst,Senior,Large,UK,Full-time,100,14.0,152637.0
Data Scientist,Mid,Small,Canada,Contract,50,11.0,103581.0
Data Engineer,Mid,Small,Germany,Part-time,100,5.0,72744.0
Data Analyst,Mid,Small,USA,Part-time,0,5.0,84797.0
AI Engineer,Entry,Small,India,Full-time,50,9.0,62457.0
Data Scientist,Mid,Large,UK,Full-time,0,1.0,55807.0
Data Analyst,Entry,Small,Australia,Part-time,100,14.0,97738.0
Data Analyst,Senior,Medium,USA,Contract,100,0.0,86402.0
Data Scientist,Entry,Small,Canada,Full-time,100,13.0,79521.0
Business Intelligence Analyst,Mid,Small,Canada,Part-time,100,9.0,101389.0
Data Analyst,Mid,Small,India,Part-time,100,2.0,58382.0
Business Intelligence Analyst,Mid,Large,India,Contract,50,9.0,97692.0
Data Scientist,Entry,Small,UK,Contract,100,13.0,79353.0
Business Intelligence Analyst,Mid,Medium,Australia,Full-time,0,4.0,75065.0
Machine Learning Engineer,Mid,Small,,Full-time,50,5.0,84934.0
AI Engineer,Senior,Small,India,Full-time,0,2.0,104425.0
Data Analyst,Mid,Small,India,Part-time,100,8.0,93111.0
Data Engineer,Mid,Medium,,Full-time,0,,98031.0
AI Engineer,Mid,Small,India,Part-time,50,4.0,75510.0
Business Intelligence Analyst,Mid,Medium,Germany,Full-time,50,,105083.0
Data Analyst,Mid,Medium,USA,Contract,50,1.0,53816.0
Business Intelligence Analyst,Mid,Small,India,Contract,0,9.0,97317.0
Machine Learning Engineer,Entry,Medium,UK,Part-time,50,5.0,37175.0
Data Scientist,Entry,Large,Australia,Contract,0,11.0,76341.0
Data Analyst,Entry,Small,Australia,Part-time,100,7.0,62579.0
Machine Learning Engineer,Entry,Small,Australia,Part-time,100,10.0,62069.0
Machine Learning Engineer,Mid,Medium,Germany,Contract,0,5.0,68358.0
Data Analyst,Mid,Medium,UK,Part-time,50,3.0,73822.0
Business Intelligence Analyst,Entry,Small,Germany,Contract,0,5.0,43808.0
Data Engineer,Senior,Large,India,Full-time,0,7.0,119244.0
Machine Learning Engineer,Entry,Medium,USA,Full-time,0,7.0,64727.0
AI Engineer,Senior,Medium,Australia,Contract,100,12.0,141811.0
Machine Learning Engineer,Mid,Large,UK,Contract,0,9.0,101555.0
Data Engineer,Mid,Large,Australia,Contract,100,1.0,62009.0
Business Intelligence Analyst,Entry,Small,Germany,Contract,0,7.0,50906.0
Business Intelligence Analyst,Mid,Large,,Full-time,100,,72983.0
AI Engineer,Mid,Small,India,Part-time,0,1.0,49063.0
Machine Learning Engineer,Senior,Large,USA,Part-time,0,0.0,90446.0
Business Intelligence Analyst,Mid,Medium,India,Full-time,50,5.0,73644.0
Data Engineer,Senior,Small,Canada,Part-time,50,12.0,149610.0
Data Analyst,Entry,Small,USA,Full-time,0,6.0,48142.0
Data Scientist,Senior,Small,Canada,Part-time,0,13.0,145753.0
Data Scientist,Mid,Large,India,Contract,0,13.0,116564.0
Data Scientist,Senior,Medium,Germany,Contract,0,9.0,131851.0
Machine Learning Engineer,Entry,Small,India,Contract,50,4.0,35104.0
AI Engineer,Mid,Small,India,Full-time,100,13.0,120190.0
Business Intelligence Analyst,Mid,Small,,Full-time,0,9.0,98421.0
Data Analyst,Senior,Small,,Part-time,50,7.0,126202.0
Data Engineer,Mid,Medium,Canada,Part-time,0,10.0,101103.0
Data Analyst,Senior,Large,Canada,Part-time,0,12.0,149417.0
Data Engineer,Entry,Medium,,Full-time,100,11.0,73359.0
Machine Learning Engineer,Senior,Small,Canada,Part-time,0,8.0,123685.0
Data Scientist,Senior,Medium,Australia,Contract,0,3.0,
Machine Learning Engineer,Senior,Small,UK,Part-time,100,6.0,128366.0
AI Engineer,Mid,Large,Germany,Contract,100,7.0,79944.0
AI Engineer,Mid,Large,Australia,Full-time,100,12.0,115410.0
Data Engineer,Executive,Large,India,Contract,100,5.0,160471.0
Business Intelligence Analyst,Entry,Small,Germany,Contract,50,1.0,24678.0
Business Intelligence Analyst,Mid,Medium,UK,Contract,50,6.0,78633.0
Data Engineer,Mid,Large,Canada,Full-time,50,12.0,108462.0
AI Engineer,Senior,Small,Australia,Full-time,0,8.0,133888.0
AI Engineer,Entry,Small,India,Full-time,100,4.0,46727.0
AI Engineer,Mid,Medium,USA,Full-time,100,14.0,126203.0
Machine Learning Engineer,Senior,Large,USA,Part-time,50,1.0,88081.0
AI Engineer,Entry,Small,Germany,Full-time,0,3.0,34449.0
Data Analyst,Senior,Medium,Canada,Contract,0,2.0,
Data Scientist,Entry,Large,USA,Full-time,0,3.0,27291.0
AI Engineer,Mid,Medium,Germany,Part-time,50,9.0,86532.0
Data Engineer,Entry,Medium,UK,Part-time,0,6.0,44362.0
Data Scientist,Entry,Small,Germany,Part-time,0,9.0,73037.0
Machine Learning Engineer,Senior,Small,Germany,Contract,0,7.0,131015.0
Data Engineer,Mid,Small,,Full-time,100,0.0,44988.0
Data Scientist,Mid,Medium,India,Full-time,50,12.0,106344.0
Data Engineer,Entry,Small,Germany,Full-time,100,7.0,53430.0
Machine Learning Engineer,Mid,Medium,Australia,Contract,100,,75693.0
Data Analyst,Mid,Medium,Germany,Contract,50,11.0,104106.0
Machine Learning Engineer,Mid,Small,India,Part-time,100,6.0,71438.0
Machine Learning Engineer,Mid,Large,India,Part-time,0,10.0,109400.0
Data Engineer,Senior,Large,,Full-time,0,10.0,144819.0
Business Intelligence Analyst,Mid,Large,Canada,Contract,0,0.0,49652.0
AI Engineer,Mid,Medium,,Contract,0,1.0,51389.0
AI Engineer,Entry,Medium,USA,Full-time,50,0.0,13079.0
Data Analyst,Senior,Medium,Germany,Full-time,100,4.0,106295.0
Data Analyst,Mid,Small,UK,Part-time,100,13.0,118703.0
AI Engineer,Mid,Medium,Germany,Part-time,0,13.0,123642.0
Business Intelligence Analyst,Entry,Small,USA,Part-time,0,5.0,43558.0
AI Engineer,Executive,Small,India,Full-time,100,9.0,184375.0
Business Intelligence Analyst,Entry,Large,Canada,Full-time,50,8.0,53741.0
Data Analyst,Senior,Large,UK,Part-time,100,7.0,128881.0
Data Scientist,Mid,Large,India,Part-time,0,6.0,
Data Engineer,Entry,Small,Canada,Contract,0,11.0,80414.0
Data Analyst,Senior,Small,UK,Contract,50,4.0,114329.0
Data Analyst,Mid,Small,UK,Part-time,100,13.0,123877.0
Machine Learning Engineer,Senior,Medium,USA,Part-time,50,14.0,166382.0
Machine Learning Engineer,Senior,Small,India,Contract,50,2.0,98323.0
Machine Learning Engineer,Senior,Large,UK,Part-time,0,,127588.0
Data Engineer,Entry,Large,Australia,Contract,100,12.0,70903.0
Machine Learning Engineer,Senior,Small,UK,Contract,0,4.0,111648.0
Business Intelligence Analyst,Mid,Small,Canada,Contract,100,2.0,59955.0
AI Engineer,Senior,Large,USA,Full-time,0,2.0,92804.0
Data Scientist,Mid,Small,Germany,Full-time,0,2.0,67610.0
Data Analyst,Senior,Large,USA,Part-time,100,13.0,146284.0
Business Intelligence Analyst,Mid,Medium,Germany,Contract,100,5.0,65689.0
Data Scientist,Mid,Large,India,Full-time,0,0.0,44782.0
Business Intelligence Analyst,Entry,Medium,India,Part-time,100,10.0,64507.0
Business Intelligence Analyst,Senior,Small,UK,Part-time,0,3.0,96996.0
Data Analyst,Mid,Small,Australia,Part-time,100,12.0,116813.0
AI Engineer,Mid,Medium,India,Part-time,0,7.0,83631.0
Machine Learning Engineer,Senior,Small,UK,Part-time,0,2.0,94507.0
Data Engineer,Mid,Medium,USA,Contract,0,4.0,60527.0
AI Engineer,Entry,Small,India,Part-time,50,1.0,17996.0
Data Engineer,Mid,Large,USA,Contract,100,,113467.0
Data Analyst,Mid,Small,USA,Full-time,0,1.0,62745.0
Data Analyst,Mid,Large,Australia,Part-time,50,10.0,104772.0
Data Analyst,Entry,Large,India,Full-time,0,12.0,70703.0
Data Scientist,Entry,Medium,USA,Contract,50,6.0,40662.0
Data Engineer,Entry,Small,Australia,Contract,0,9.0,64114.0
AI Engineer,Senior,Medium,Australia,Full-time,0,2.0,96256.0
AI Engineer,Entry,Small,India,Part-time,50,4.0,38367.0
Business Intelligence Analyst,Mid,Large,Australia,Part-time,50,,63460.0
Business Intelligence Analyst,Senior,Large,India,Full-time,100,5.0,110297.0
Business Intelligence Analyst,Entry,Small,India,Full-time,100,12.0,78573.0
Data Analyst,Mid,Small,Germany,Full-time,50,9.0,100582.0
AI Engineer,Senior,Medium,USA,Part-time,100,2.0,95378.0
Data Engineer,Senior,Small,Canada,Part-time,50,7.0,128500.0
Data Analyst,Senior,Small,India,Part-time,100,1.0,85305.0
Data Scientist,Senior,Small,USA,Full-time,0,2.0,94697.0
Business Intelligence Analyst,Senior,Medium,Australia,Part-time,100,7.0,133774.0
Data Analyst,Mid,Small,UK,Contract,0,7.0,82222.0
Data Analyst,Senior,Large,India,Full-time,0,0.0,87933.0
Data Scientist,Entry,Medium,Australia,Part-time,100,7.0,62849.0
Machine Learning Engineer,Senior,Medium,Australia,Full-time,50,9.0,136463.0
AI Engineer,Mid,Large,Australia,Contract,0,1.0,45402.0
Data Engineer,Mid,Large,Australia,Contract,0,11.0,107901.0
Machine Learning Engineer,Entry,Large,Australia,Full-time,100,6.0,46940.0
Business Intelligence Analyst,Senior,Small,India,Full-time,50,5.0,
Data Analyst,Entry,Large,Canada,Contract,50,1.0,34054.0
Data Scientist,Senior,Small,Germany,Full-time,100,4.0,108095.0
Data Scientist,Senior,Medium,Australia,Contract,50,6.0,120842.0
AI Engineer,Entry,Medium,Australia,Contract,100,,49544.0
Machine Learning Engineer,Senior,Large,Germany,Part-time,100,2.0,96074.0
AI Engineer,Senior,Small,India,Full-time,100,0.0,98732.0
Data Analyst,Mid,Large,,Full-time,0,12.0,106850.0
AI Engineer,Mid,Large,UK,Part-time,0,6.0,
Data Engineer,Entry,Small,UK,Contract,0,12.0,71617.0
Data Scientist,Entry,Large,USA,Full-time,100,4.0,32530.0
Data Scientist,Mid,Medium,India,Part-time,0,4.0,63333.0
Business Intelligence Analyst,Senior,Large,UK,Part-time,0,6.0,117234.0
Business Intelligence Analyst,Entry,Small,,Full-time,0,0.0,10511.0
Data Analyst,Senior,Small,USA,Part-time,100,7.0,129546.0
Data Engineer,Mid,Medium,,Contract,100,11.0,100082.0
Machine Learning Engineer,Mid,Small,,Part-time,100,13.0,121636.0
AI Engineer,Senior,Small,USA,Contract,0,9.0,133820.0
Data Analyst,Senior,Medium,UK,Contract,50,14.0,153476.0
Business Intelligence Analyst,Mid,Large,India,Full-time,0,4.0,
AI Engineer,Mid,Medium,Germany,Part-time,0,7.0,76725.0
Business Intelligence Analyst,Mid,Large,India,Contract,100,9.0,
AI Engineer,Entry,Medium,India,Contract,100,14.0,93765.0
Machine Learning Engineer,Entry,Large,Germany,Part-time,0,9.0,56701.0
Data Analyst,Mid,Medium,Australia,Contract,0,4.0,68496.0
AI Engineer,Mid,Large,Germany,Part-time,50,11.0,107270.0
Data Engineer,Senior,Medium,India,Full-time,50,6.0,120472.0
Data Scientist,Mid,Large,Germany,Contract,100,9.0,87807.0
Data Engineer,Mid,Medium,Australia,Contract,50,2.0,65654.0
Data Engineer,Mid,Small,USA,Part-time,50,1.0,56078.0
Data Scientist,Senior,Large,Germany,Part-time,100,5.0,112572.0
Data Engineer,Senior,Medium,Germany,Part-time,50,4.0,117408.0
AI Engineer,Mid,Large,India,Part-time,0,8.0,99359.0
AI Engineer,Senior,Large,USA,Contract,50,9.0,133698.0
AI Engineer,Entry,Medium,Canada,Full-time,100,,29856.0
Data Scientist,Mid,Large,Canada,Full-time,0,10.0,96724.0
Data Engineer,Mid,Medium,UK,Full-time,50,2.0,59245.0
Data Scientist,Mid,Small,Germany,Full-time,0,8.0,90866.0
AI Engineer,Senior,Large,Germany,Part-time,0,7.0,133951.0
Data Engineer,Senior,Small,USA,Contract,50,5.0,115096.0
Data Engineer,Entry,Large,Australia,Contract,50,0.0,14587.0
Business Intelligence Analyst,Mid,Large,Canada,Contract,100,13.0,
Business Intelligence Analyst,Mid,Large,,Part-time,100,9.0,90046.0
Machine Learning Engineer,Entry,Medium,USA,Contract,0,12.0,89278.0
Data Analyst,Entry,Small,Germany,Part-time,100,11.0,72203.0
Business Intelligence Analyst,Mid,Large,Canada,Contract,0,10.0,105403.0
Data Scientist,Entry,Medium,UK,Full-time,0,0.0,19828.0
Business Intelligence Analyst,Entry,Large,India,Part-time,100,11.0,80797.0
Machine Learning Engineer,Entry,Medium,Canada,Contract,100,5.0,54997.0
Data Engineer,Mid,Large,UK,Full-time,100,12.0,100038.0
Machine Learning Engineer,Senior,Small,USA,Full-time,50,2.0,109468.0
Data Engineer,Mid,Small,India,Full-time,0,2.0,56265.0
Data Engineer,Executive,Large,UK,Part-time,0,5.0,151598.0
Data Analyst,Mid,Medium,UK,Part-time,0,12.0,102415.0
Business Intelligence Analyst,Senior,Large,Germany,Contract,100,2.0,107142.0
Data Scientist,Senior,Medium,Australia,Full-time,100,12.0,159500.0
Data Scientist,Mid,Large,Canada,Contract,100,10.0,107148.0
AI Engineer,Mid,Medium,,Contract,100,9.0,99306.0
Data Engineer,Senior,Small,India,Full-time,100,5.0,
Data Scientist,Entry,Large,Australia,Contract,50,4.0,
Data Analyst,Mid,Small,UK,Part-time,100,3.0,66377.0
Data Engineer,Mid,Small,Germany,Contract,0,7.0,86058.0
Data Analyst,Mid,Large,Australia,Full-time,100,,52443.0
Data Scientist,Entry,Large,Canada,Part-time,0,14.0,97701.0
Data Scientist,Senior,Medium,India,Part-time,100,11.0,152084.0
AI Engineer,Mid,Medium,USA,Contract,100,13.0,109383.0
Data Scientist,Mid,Small,Germany,Contract,0,10.0,91593.0
Data Engineer,Senior,Medium,India,Part-time,0,6.0,124758.0
Data Engineer,Mid,Medium,USA,Contract,0,3.0,62026.0
Data Engineer,Executive,Large,Germany,Full-time,0,1.0,127612.0
AI Engineer,Mid,Medium,India,Contract,50,14.0,121329.0
AI Engineer,Entry,Small,India,Contract,0,6.0,41908.0
Data Scientist,Senior,Medium,Australia,Part-time,100,12.0,146954.0
Machine Learning Engineer,Mid,Small,Germany,Contract,100,0.0,55185.0
Machine Learning Engineer,Senior,Large,India,Contract,50,3.0,113174.0
AI Engineer,Executive,Small,UK,Contract,0,8.0,175496.0
Data Scientist,Senior,Medium,Germany,Full-time,100,13.0,147928.0
Machine Learning Engineer,Mid,Large,India,Contract,50,3.0,64280.0
Data Scientist,Senior,Medium,Australia,Full-time,100,11.0,142681.0
Data Scientist,Mid,Large,USA,Full-time,50,12.0,104127.0
Data Scientist,Mid,Large,USA,Full-time,50,2.0,54963.0
Business Intelligence Analyst,Senior,Medium,,Full-time,0,9.0,136761.0
Data Engineer,Entry,Medium,Germany,Part-time,50,9.0,68554.0
Data Scientist,Senior,Large,Australia,Full-time,100,1.0,94357.0
Business Intelligence Analyst,Senior,Large,India,Contract,100,13.0,163409.0
AI Engineer,Senior,Medium,India,Full-time,0,14.0,150987.0
Machine Learning Engineer,Mid,Small,USA,Contract,0,2.0,51965.0
Data Engineer,Senior,Medium,Australia,Full-time,50,0.0,87316.0
Machine Learning Engineer,Mid,Large,UK,Part-time,0,9.0,99046.0
Data Engineer,Senior,Medium,USA,Full-time,100,7.0,115868.0
Machine Learning Engineer,Entry,Small,USA,Full-time,100,0.0,28447.0
Data Engineer,Entry,Medium,UK,Part-time,0,2.0,37513.0
Machine Learning Engineer,Entry,Large,Germany,Full-time,0,13.0,79378.0
Machine Learning Engineer,Mid,Medium,India,Contract,0,2.0,65463.0
Machine Learning Engineer,Mid,Large,Germany,Full-time,50,12.0,118318.0
Machine Learning Engineer,Senior,Large,Australia,Full-time,50,14.0,163246.0
AI Engineer,Mid,Medium,Canada,Full-time,100,1.0,46076.0
Data Scientist,Mid,Large,Canada,Part-time,50,13.0,123023.0
Data Analyst,Entry,Large,Canada,Full-time,50,,45169.0
Business Intelligence Analyst,Mid,Small,UK,Full-time,50,9.0,91385.0
Data Analyst,Mid,Small,USA,Contract,50,2.0,58222.0
Data Analyst,Entry,Small,Germany,Full-time,100,2.0,37087.0
Data Engineer,Entry,Small,India,Full-time,0,7.0,50480.0
Data Scientist,Entry,Large,Canada,Full-time,100,3.0,32777.0
Data Engineer,Entry,Medium,Germany,Full-time,50,3.0,30362.0
Data Scientist,Mid,Large,Canada,Contract,0,2.0,50950.0
Data Scientist,Entry,Large,Canada,Contract,0,10.0,68250.0
Machine Learning Engineer,Senior,Large,India,Part-time,0,0.0,82818.0
AI Engineer,Senior,Medium,Australia,Full-time,100,,118600.0
Machine Learning Engineer,Mid,Small,Australia,Part-time,0,14.0,
AI Engineer,Executive,Large,Australia,Part-time,100,0.0,135053.0
Data Engineer,Mid,Large,UK,Full-time,100,6.0,89328.0
AI Engineer,Mid,Small,USA,Contract,50,4.0,74333.0
Data Engineer,Executive,Large,UK,Contract,50,,141255.0
Data Analyst,Entry,Medium,Germany,Full-time,0,3.0,35907.0
Data Analyst,Senior,Large,UK,Full-time,0,7.0,131007.0
AI Engineer,Entry,Large,,Contract,50,10.0,74241.0
AI Engineer,Mid,Small,Germany,Full-time,100,10.0,102090.0
Data Engineer,Entry,Large,USA,Full-time,100,12.0,82305.0
Machine Learning Engineer,Senior,Large,India,Full-time,50,13.0,
Data Engineer,Mid,Medium,USA,Contract,100,5.0,78065.0
Machine Learning Engineer,Senior,Small,Australia,Part-time,50,13.0,157647.0
Data Analyst,Mid,Small,Australia,Part-time,50,11.0,103523.0
Data Scientist,Mid,Medium,UK,Full-time,0,0.0,46037.0
AI Engineer,Entry,Large,Germany,Contract,0,13.0,75527.0
Machine Learning Engineer,Mid,Small,Canada,Full-time,50,9.0,103443.0
Data Engineer,Senior,Small,Canada,Contract,0,7.0,124290.0
Data Analyst,Mid,Large,Germany,Full-time,50,12.0,100211.0
Machine Learning Engineer,Senior,Large,USA,Contract,100,13.0,163098.0
Data Engineer,Senior,Small,India,Contract,100,1.0,104072.0
AI Engineer,Mid,Large,USA,Part-time,100,5.0,75522.0
AI Engineer,Mid,Small,Germany,Full-time,100,8.0,99650.0
Business Intelligence Analyst,Entry,Large,Germany,Part-time,50,0.0,25115.0
Data Scientist,Entry,Large,India,Part-time,100,5.0,40149.0
Business Intelligence Analyst,Entry,Medium,UK,Contract,100,7.0,54224.0
Data Analyst,Mid,Large,UK,Full-time,100,9.0,102716.0
Machine Learning Engineer,Mid,Medium,India,Contract,100,12.0,
Business Intelligence Analyst,Mid,Small,Germany,Full-time,50,8.0,94707.0
Machine Learning Engineer,Entry,Medium,India,Full-time,0,3.0,30912.0
Machine Learning Engineer,Mid,Medium,India,Contract,100,12.0,
Data Engineer,Mid,Medium,Canada,Part-time,50,4.0,67925.0
Data Scientist,Mid,Medium,India,Contract,50,11.0,111376.0
Data Engineer,Mid,Medium,UK,Contract,50,14.0,113692.0
Business Intelligence Analyst,Executive,Large,UK,Full-time,0,11.0,192370.0
Machine Learning Engineer,Mid,Medium,Australia,Contract,0,6.0,74553.0
AI Engineer,Senior,Small,USA,Contract,0,9.0,133820.0
Data Scientist,Mid,Small,USA,Part-time,0,5.0,65871.0
Machine Learning Engineer,Mid,Large,Australia,Part-time,50,11.0,110629.0
Machine Learning Engineer,Entry,Medium,UK,Part-time,100,12.0,89681.0
Data Scientist,Mid,Small,India,Full-time,100,7.0,89219.0
Business Intelligence Analyst,Mid,Medium,UK,Full-time,0,1.0,61160.0
Data Engineer,Senior,Medium,UK,Contract,0,5.0,108195.0
Business Intelligence Analyst,Senior,Small,,Full-time,50,6.0,114123.0
AI Engineer,Mid,Large,Germany,Contract,50,5.0,73632.0
AI Engineer,Senior,Small,UK,Part-time,100,2.0,108702.0
Machine Learning Engineer,Senior,Small,Germany,Full-time,50,6.0,113830.0
Machine Learning Engineer,Entry,Large,Germany,Part-time,0,11.0,67679.0
Machine Learning Engineer,Executive,Medium,Germany,Full-time,100,10.0,183055.0
Data Engineer,Senior,Small,Canada,Part-time,50,7.0,128500.0
Data Analyst,Entry,Medium,India,Contract,50,7.0,47387.0
AI Engineer,Senior,Small,Australia,Full-time,0,10.0,144635.0
Data Scientist,Entry,Small,UK,Part-time,50,13.0,92945.0
AI Engineer,Mid,Medium,UK,Full-time,0,3.0,65796.0
AI Engineer,Mid,Medium,USA,Contract,0,6.0,87158.0
AI Engineer,Mid,Large,India,Contract,50,7.0,79784.0
Data Analyst,Mid,Large,India,Contract,0,12.0,110005.0
Data Analyst,Senior,Small,UK,Contract,50,4.0,114329.0
Machine Learning Engineer,Executive,Large,Australia,Part-time,100,3.0,154276.0
Business Intelligence Analyst,Senior,Large,USA,Part-time,100,6.0,129968.0
Business Intelligence Analyst,Mid,Large,Australia,Full-time,100,11.0,110203.0
Data Scientist,Mid,Medium,Germany,Part-time,0,0.0,52984.0
Data Engineer,Entry,Small,,Contract,0,11.0,84980.0
Business Intelligence Analyst,Mid,Small,USA,Full-time,100,6.0,73332.0
Data Scientist,Senior,Small,India,Part-time,0,3.0,96031.0
AI Engineer,Mid,Small,Australia,Full-time,50,1.0,45329.0
Machine Learning Engineer,Entry,Large,Canada,Part-time,0,0.0,11368.0
AI Engineer,Executive,Small,UK,Contract,0,8.0,175496.0
Data Engineer,Mid,Small,India,Part-time,0,10.0,91369.0
Data Engineer,Mid,Small,Australia,Part-time,50,4.0,63743.0
Business Intelligence Analyst,Senior,Medium,Canada,Full-time,100,11.0,138657.0
Data Analyst,Mid,Large,Germany,Contract,50,0.0,44242.0
Machine Learning Engineer,Mid,Small,USA,Part-time,0,13.0,121107.0
Data Scientist,Mid,Large,Canada,Full-time,0,11.0,108230.0
Data Engineer,Senior,Small,Germany,Full-time,50,,134447.0
Machine Learning Engineer,Entry,Small,Australia,Full-time,50,6.0,42631.0
AI Engineer,Executive,Large,UK,Full-time,50,10.0,177311.0
AI Engineer,Mid,Small,India,Part-time,100,3.0,72959.0
